Name,CMP,ATH%,PE,EPS,PB,MCap,ROCE%,ROE%,Sales_Grwth%,Profit_Grwth%,MedPE,ROCE_5Yr%,ROE_5Yr%,Debt2EqR,PAT_12M,CFO_2_EBITDA%,CapType,Symbol,Latest
https://www.screener.in/company/RELIANCE/consolidated/,1419.6,13.54,25.03,61.49,2.19,1921069.29,9.69,8.4,9.01,10.92,26.01,0.34,8.45,0.43,97776,98.18,LC,RELIANCE,1
https://www.screener.in/company/HDFCBANK/consolidated/,903.9,12.9,18.67,48.55,2.48,1390929.01,7.51,14.45,5.83,7.09,20.26,0.77,16.13,6.2,77429.81,44.84,LC,HDFCBANK,1
https://www.screener.in/company/BHARTIARTL/consolidated/,2004.7,8.48,37.31,53.3,9.7,1143101.05,13.48,23.18,25.05,53.2,62.21,0.62,14.88,1.77,37051.2,106.91,LC,BHARTIARTL,1
https://www.screener.in/company/SBIN/consolidated/,1198.6,0.43,13.65,91.71,1.87,1106381.82,6.47,17.2,6.22,2.16,10.48,1.26,14.97,10.9,86537.15,11.79,LC,SBIN,1
https://www.screener.in/company/ICICIBANK/consolidated/,1414.6,6.04,19.11,74.19,2.92,1012157.65,7.87,17.89,7.46,7.64,19.38,0.94,16.79,5.51,56609.3,74.67,LC,ICICIBANK,1
https://www.screener.in/company/TCS/consolidated/,2692.2,70.58,19.06,131.88,9.15,974061.52,64.63,52.38,3.46,4.83,30.51,2.75,46.84,0.1,47963,68.57,LC,TCS,1
https://www.screener.in/company/BAJFINANCE/consolidated/,1024.75,7.59,35.02,29,6.18,637648.83,11.35,19.22,19.99,13.93,35.66,0.55,19.59,3.85,18324.63,-142.02,LC,BAJFINANCE,1
https://www.screener.in/company/LT/consolidated/,4173.9,0.6,34.43,118.19,5.66,574166.5,14.49,16.55,11.71,20.18,32.22,0.48,14.34,1.32,18976.65,24.16,LC,LT,1
https://www.screener.in/company/INFY/consolidated/,1369.1,46.58,19.24,67.73,6.69,555125.53,37.5,28.83,8.24,4.37,27.56,1.5,29.76,0.11,28003,83.9,LC,INFY,1
https://www.screener.in/company/LICI/consolidated/,862.4,41.7,10.29,83.83,,545467.8,53.13,45.72,6.75,22.96,13.65,4.44,62.37,,52997.7,-16.21,LC,LICI,1
https://www.screener.in/company/HINDUNILVR/consolidated/,2305.2,26.01,49.62,61.76,11.12,541627.78,27.85,20.72,3.44,5.29,56.08,0.42,21.12,0.04,14540,74.94,LC,HINDUNILVR,1
https://www.screener.in/company/MARUTI/consolidated/,15237,14.01,32.08,474.92,4.8,479055.2,21.7,15.89,14.16,2.68,34.42,0.5,12.79,0,14931.6,63.63,LC,MARUTI,1
https://www.screener.in/company/M&M/consolidated/,3533.4,8.68,27.5,126.47,5.3,439388.48,13.93,18.05,22.54,28.96,28.75,0.66,15.6,1.53,16903.65,9.28,LC,M&M,1
https://www.screener.in/company/KOTAKBANK/consolidated/,420.65,9.44,22.26,18.91,2.49,418392.1,8.17,15.37,7.3,-4.4,23.07,0.69,14.44,3.62,18797.5,29.09,LC,KOTAKBANK,1
https://www.screener.in/company/AXISBANK/consolidated/,1332.3,6.46,15.76,84.66,2.01,413863.08,7.11,16.3,4.53,-6.82,14.22,1.03,13.42,7.4,26414.93,40.52,LC,AXISBANK,1
https://www.screener.in/company/SUNPHARMA/consolidated/,1697.5,15.48,33.56,45.49,5.23,407287.11,20.21,16.86,10.09,2.91,31.61,0.5,15.53,0.07,10952.92,81.56,LC,SUNPHARMA,1
https://www.screener.in/company/HCLTECH/consolidated/,1455.2,38.28,23,60.66,5.54,394892.54,31.61,25,9.63,0.58,24.18,1.09,22.74,0.1,16471,80.11,LC,HCLTECH,1
https://www.screener.in/company/ITC/consolidated/,313.75,57.92,19.05,27.98,5.53,393104.57,36.79,27.32,8.44,5.26,24.73,1.43,26.08,0.01,35356.29,61.89,LC,ITC,1
https://www.screener.in/company/ULTRACEMCO/consolidated/,12963,1.13,49.17,260.11,5.3,381992.61,10.89,9.29,17,30.81,43.79,0.19,11.68,0.35,7663.12,80.55,LC,ULTRACEMCO,1
https://www.screener.in/company/TITAN/consolidated/,4179.2,4.8,76.03,53.68,28.98,371023.59,19.14,31.75,30.23,50.76,89.75,0.42,28.1,0.97,4766,-8.75,LC,TITAN,1
https://www.screener.in/company/NTPC/consolidated/,363,23.54,14.56,24.93,1.83,351988.98,9.95,12.13,0.86,10,11.88,0.83,12.49,1.33,24827.95,84.96,LC,NTPC,1
https://www.screener.in/company/ADANIPORTS/consolidated/,1519,6.74,27.7,56.94,5.22,349971.39,13.8,18.76,23.74,18.89,27.68,0.68,16.88,0.85,12496.83,87.99,LC,ADANIPORTS,1
https://www.screener.in/company/ONGC/consolidated/,267.4,29.02,8.85,30.15,0.91,336396.67,12.04,10.63,-1.26,-5.1,7.06,1.2,13.82,0.48,44971.56,88.91,LC,ONGC,1
https://www.screener.in/company/BAJAJFINSV/consolidated/,2023.2,8.49,32.95,60.59,4.23,323269.57,11.03,13.39,15.38,14.44,36.24,0.41,13.84,5.13,19199.53,-125.37,LC,BAJAJFINSV,1
https://www.screener.in/company/BEL/consolidated/,435.55,5.99,53.38,8.16,14.76,318377.42,38.88,29.22,14.46,19.48,30.63,0.55,24.42,0,5962.93,7.76,LC,BEL,1
https://www.screener.in/company/JSWSTEEL/consolidated/,1232,2.59,38.54,30.46,3.63,301279.93,8.11,4.94,5.19,121.22,32.21,0.13,14.42,1.22,7766,89.24,LC,JSWSTEEL,1
https://www.screener.in/company/HAL/consolidated/,4212.4,34.72,31.67,133.02,7.59,281714.78,33.88,26.07,2.48,2.35,21.67,0.82,27,0,8896.11,111.64,LC,HAL,1
https://www.screener.in/company/ETERNAL/consolidated/,285.2,29.19,1191.46,0.24,8.93,275228,2.66,1.71,138.73,-65.16,434.1,0,-3.17,0.11,231,19.57,LC,ETERNAL,1
https://www.screener.in/company/BAJAJ-AUTO/consolidated/,9760,30.88,30.51,318.05,7.98,272789.89,28.06,22.77,15.66,18.67,23.37,0.75,21.81,0.58,8884.14,-12.78,LC,BAJAJ-AUTO,1
https://www.screener.in/company/ADANIPOWER/consolidated/,139.9,30.63,23.55,5.94,4.62,269792.88,22.54,26.1,-1.94,-12.15,15.45,1.11,37.41,0.83,11298.91,89.5,LC,ADANIPOWER,1
https://www.screener.in/company/POWERGRID/consolidated/,287.2,27.52,17.21,16.69,2.7,267113.34,12.78,17,4.06,-0.13,11.79,0.99,18.49,1.37,15524.49,89.1,LC,POWERGRID,1
https://www.screener.in/company/VEDL/consolidated/,673.65,14.3,23.97,36.25,6.56,263423.29,25.26,38.48,-4.43,12.18,11.28,1.61,24.17,2.12,20704,86.33,LC,VEDL,1
https://www.screener.in/company/DMART/consolidated/,3909.2,50.93,88.8,44.02,11.11,254384.57,17.95,13.44,15.37,5.31,112.07,0.15,13.24,0.07,2864.23,53.58,LC,DMART,1
https://www.screener.in/company/TATASTEEL/consolidated/,203.18,3.92,25.92,7.34,2.67,253640.31,8.83,3.89,1.84,222.37,32.49,0.15,14.25,1.01,9121.7,88.52,LC,TATASTEEL,1
https://www.screener.in/company/COALINDIA/consolidated/,408.95,33.19,8.44,48.45,2.39,252024.77,48.04,38.89,-2.76,-13.01,6.97,4.61,46.58,0.13,29755.32,51.23,LC,COALINDIA,1
https://www.screener.in/company/HINDZINC/,592.85,36.24,21.46,27.67,18.4,250498.04,60.73,72.42,11.49,24.1,15.97,3.37,37.76,0.82,11691,77.31,LC,HINDZINC,1
https://www.screener.in/company/IOC/consolidated/,176.77,11.33,6.98,25.32,1.27,249621.13,7.36,6.51,1.3,268.38,5.77,0.93,15.51,0.74,36868.88,84.2,LC,IOC,1
https://www.screener.in/company/NESTLEIND/,1282.6,8.3,77.8,17.2,54.19,247325.59,95.66,83.02,9.74,1.34,78.66,1.07,107.79,0.1,3315.9,60.79,LC,NESTLEIND,1
https://www.screener.in/company/ADANIENT/consolidated/,2136.6,90.12,66.86,103.7,5.11,246602.25,9.45,9.82,-5.11,-5.76,113.04,0.15,8.58,2.03,14132.38,27.53,LC,ADANIENT,1
https://www.screener.in/company/TATAMOTORS/consolidated/,664.6,77.41,11.32,57.43,2.11,244686.47,19.97,28.08,-0.88,-36.81,15.12,2.48,16.99,0.62,21494,100.69,LC,TATAMOTORS,1
https://www.screener.in/company/ASIANPAINT/consolidated/,2366.4,51.71,55.63,40.09,11.59,226984.57,25.72,20.59,1.22,-6.46,68.72,0.37,25.92,0.18,3910.03,65.87,LC,ASIANPAINT,1
https://www.screener.in/company/WIPRO/consolidated/,214.09,72.79,16.93,12.66,2.62,224523.74,19.51,16.59,2.36,6.97,21.34,0.98,17.06,0.19,13332,77.47,LC,WIPRO,1
https://www.screener.in/company/EICHERMOT/consolidated/,8065,0.67,40.96,195.35,10.02,221222.34,29.81,24.1,26.19,21.58,34.98,0.59,20.19,0.02,5357.43,59.19,LC,EICHERMOT,1
https://www.screener.in/company/HINDALCO/consolidated/,909,13.29,11.79,71.54,1.51,204272.89,14.8,14.02,13.98,19.6,10.92,1.19,12.21,0.56,16078,72.23,LC,HINDALCO,1
https://www.screener.in/company/SBILIFE/,2034.2,4.02,82.28,24.73,10.73,203995.65,16.88,15.13,0.96,2.85,75.45,0.18,14.31,0,2479.21,920.15,LC,SBILIFE,1
https://www.screener.in/company/SHRIRAMFIN/consolidated/,1065.8,2,21.92,48.63,3.31,200533.27,10.95,15.57,18.05,12.71,13.82,0.71,14.91,3.87,9146.97,-145.55,LC,SHRIRAMFIN,1
https://www.screener.in/company/GRASIM/consolidated/,2888,3.19,42.61,66.2,1.97,196534.86,7.5,3.95,18.78,20.49,21.62,0.09,7.31,2.06,9471.33,-57.8,LC,GRASIM,1
https://www.screener.in/company/INDIGO/,4929.2,26.44,42.04,83.67,22.4,190569.18,17.34,103.8,10.72,-25.37,24.95,2.47,,8.83,3233,121.11,LC,INDIGO,1
https://www.screener.in/company/TVSMOTOR/consolidated/,3864.6,1.15,62.95,60.94,22.62,183602.17,15.35,28.39,23.4,49.26,52.44,0.45,24.55,3.89,3064.39,53.57,LC,TVSMOTOR,1
https://www.screener.in/company/TMCV/,483.75,3.36,391.17,,17.06,178132.78,,-400,,,,-1.02,,0.57,-0.08,,LC,TMCV,1
https://www.screener.in/company/HYUNDAI/,2179.5,32.6,31.16,69.95,10.42,177093.33,54.25,42.18,1.3,2.24,33.36,1.35,27.27,0.05,5683.48,44.3,LC,HYUNDAI,1
https://www.screener.in/company/JIOFIN/consolidated/,263.95,49.54,105.96,2.53,1.24,167691.17,1.47,1.23,51.85,-1.52,120.98,0.01,,0.08,1604.79,-510.01,LC,JIOFIN,1
https://www.screener.in/company/DIVISLAB/consolidated/,6168.5,14.74,64.64,93.38,10.62,163754.29,20.44,15.35,13.62,22.56,65.74,0.24,18.06,0.01,2479,49.79,LC,DIVISLAB,1
https://www.screener.in/company/BPCL/consolidated/,374.1,4.74,6.5,56.73,1.73,162303.49,16.22,17.31,0.48,78.33,7.71,2.66,22.95,0.56,24610.74,80.61,LC,BPCL,1
https://www.screener.in/company/ADANIGREEN/consolidated/,950.5,220.88,94.96,9.13,8.02,156564.09,8.7,14.61,17.19,11.88,209.36,0.15,15.96,4.52,1856,79.33,LC,ADANIGREEN,1
https://www.screener.in/company/DLF/consolidated/,626.4,95.56,35.95,17.89,3.61,155053.53,6.51,11.36,35.8,14.85,54.25,0.32,6.5,0.04,4428.32,168.32,LC,DLF,1
https://www.screener.in/company/VBL/consolidated/,449.3,51.98,50.04,8.98,7.76,151957.5,19.99,16.78,8.39,14.67,62.45,0.34,22.7,0.13,3062.04,62.66,LC,VBL,1
https://www.screener.in/company/LTIM/consolidated/,5115.5,48.48,29.28,160.41,6.48,151671.16,27.63,21.53,9.85,13.33,34.63,0.74,26.95,0.1,4724,60.74,LC,LTIM,1
https://www.screener.in/company/TRENT/consolidated/,4252,96.28,91.22,46.06,24.77,151153.27,30.71,30.4,18.8,11.11,153.94,0.33,17.49,0.38,1619.83,55.46,LC,TRENT,1
https://www.screener.in/company/PIDILITIND/consolidated/,1479.3,15.43,65.05,22.53,15.76,150550.44,29.84,23.05,9.75,15.5,89.42,0.35,21.6,0.05,2314.09,70.25,LC,PIDILITIND,1
https://www.screener.in/company/HDFCLIFE/consolidated/,696.8,17.79,79.54,8.77,8.54,150342.67,6.58,10.8,2.94,8.19,89.3,0.14,11.23,0.18,1890.19,1250.88,LC,HDFCLIFE,1
https://www.screener.in/company/TECHM/consolidated/,1534.4,20.83,31.26,47.21,5.47,150331.77,18.56,14.62,5.05,28.38,30.18,0.47,16.13,0.07,4591,78.46,LC,TECHM,1
https://www.screener.in/company/TATACAP/consolidated/,353.3,4.06,33.87,10.93,4.13,149971.22,9.58,12.92,55.82,16.56,30.15,0.38,14.99,5.88,4424.45,-146.94,LC,TATACAP,1
https://www.screener.in/company/BANKBARODA/consolidated/,287.45,9.01,7.64,37.64,0.91,148650.81,6.29,15.53,4.67,-4.72,7.27,2.03,12.44,10.45,19644.99,32.51,LC,BANKBARODA,1
https://www.screener.in/company/IRFC/,111.44,105.54,20.79,5.36,2.57,145635.43,5.83,12.77,-0.86,7.18,16.44,0.61,13.97,2.73,7006.73,30.48,LC,IRFC,1
https://www.screener.in/company/CHOLAFIN/consolidated/,1709.4,7.16,30.04,57.57,5.56,145587.79,10.34,19.71,22.68,19.14,30.48,0.66,19.69,7.23,4846.95,-175.37,LC,CHOLAFIN,1
https://www.screener.in/company/BRITANNIA/consolidated/,5980.5,8.24,59.65,100.27,38.58,144051.28,52.99,52.94,7.31,11.02,56.48,0.89,54.35,0.59,2416.46,72.91,LC,BRITANNIA,1
https://www.screener.in/company/MUTHOOTFIN/consolidated/,3586.1,15.71,16.51,217.17,4.04,143970.61,13.19,19.58,46.84,75.64,14.92,1.19,20.73,3.93,8653.31,-178.7,LC,MUTHOOTFIN,1
https://www.screener.in/company/TMPV/consolidated/,380.25,87.32,23.3,231.05,1.26,140020.65,19.97,28.08,-13.51,-80.2,9.16,1.21,16.93,0.61,85324,100.69,LC,TMPV,1
https://www.screener.in/company/MOTHERSON/consolidated/,131.26,10.22,39.3,3.23,3.73,138537.61,13.66,12.16,8.71,-14.52,42.5,0.31,9.63,0.53,3639.37,54.68,LC,MOTHERSON,1
https://www.screener.in/company/TORNTPHARM/consolidated/,4078,3.97,59.86,67.13,16.34,138018.05,27.05,26.52,12.74,23.82,50.62,0.44,22.64,0.33,2272,69.38,LC,TORNTPHARM,1
https://www.screener.in/company/UNIONBANK/consolidated/,178.87,138.69,7.21,24.81,1.04,136542.3,6.72,17.05,1.62,15.87,6.33,2.36,12.55,9.95,18937.8,18.35,LC,UNIONBANK,1
https://www.screener.in/company/PNB/consolidated/,118.76,135.75,7.67,15.48,0.92,136490.19,6.32,15.17,8.59,5.69,12.65,1.98,7.44,12.01,17875.4,20.5,LC,PNB,1
https://www.screener.in/company/PFC/consolidated/,400.55,44.89,5.24,76.42,1.04,132185.58,9.73,21.01,14.22,13.14,4.21,4.01,21.04,7.88,33385.62,-89.26,LC,PFC,1
https://www.screener.in/company/CANBK/consolidated/,141.77,15.84,6.37,20.25,1.1,128594.62,6.79,17.75,5.56,22.89,5.99,2.79,14.03,14.22,18414.68,56.93,LC,CANBK,1
https://www.screener.in/company/AMBUJACEM/consolidated/,519.45,36.1,33.42,15.24,2.28,128398.87,10.5,8.73,15.97,-10.54,32.73,0.26,9.76,0.02,4968.46,26.09,LC,AMBUJACEM,1
https://www.screener.in/company/BSE/consolidated/,3025.3,6.67,56.48,53.96,23.65,123220.19,46.57,36.04,51.23,133.45,55.94,0.64,17.9,0,2185.45,20.89,LC,BSE,1
https://www.screener.in/company/INDUSTOWER/consolidated/,466.6,8.23,17.26,27.03,3.41,123096.67,28.99,32.5,8.55,-28.73,12.56,1.88,25.07,0.58,7131.1,93.21,LC,INDUSTOWER,1
https://www.screener.in/company/IDEA/consolidated/,11.3,990.62,,-2.61,,122427.63,-1.93,,3.22,7.86,,,,,-24584.2,48.76,LC,IDEA,1
https://www.screener.in/company/GODREJCP/consolidated/,1195.4,28.98,62.96,17.8,10.06,122318.66,19.21,15.21,7.29,12.65,59.68,0.24,14.86,0.34,1821.6,78.28,LC,GODREJCP,1
https://www.screener.in/company/CUMMINSIND/consolidated/,4412.4,4.59,52.51,80.87,15.49,122311.73,36.32,28.15,13.31,15.92,40.06,0.54,22.61,0,2241.79,60.44,LC,CUMMINSIND,1
https://www.screener.in/company/BAJAJHLDNG/consolidated/,10881,36.69,16.47,789.56,1.79,121094.65,9.82,11.01,-34.08,-2.09,15.33,0.67,11.74,0,8962.75,-29.21,LC,BAJAJHLDNG,1
https://www.screener.in/company/JINDALSTEL/consolidated/,1184.7,1.88,42.43,19.44,2.44,120849.84,10.67,7.68,0.24,-30.3,15.3,0.18,12.13,0.39,2016.04,113.37,LC,JINDALSTEL,1
https://www.screener.in/company/HDFCAMC/,2813.2,5.48,41.91,67.18,15.56,120491.74,43.33,32.35,20.56,21.64,39.74,0.77,28.91,0,2874.8,61.91,LC,HDFCAMC,1
https://www.screener.in/company/ASHOKLEY/consolidated/,204.63,5.27,33.33,5.64,9.55,120196.69,14.26,28.82,13.5,29.25,27.35,0.86,15.46,4.33,3585.58,1.35,LC,ASHOKLEY,1
https://www.screener.in/company/TATAPOWER/consolidated/,374.1,32.28,31.6,11.87,3.17,119537.65,10.81,10.97,0.62,-2.36,31.43,0.35,10.26,1.86,5008.13,85.72,LC,TATAPOWER,1
https://www.screener.in/company/IDBI/consolidated/,110.75,82.62,12.82,8.64,1.71,119082.85,6.78,13.55,-2.52,28.89,16.12,1.06,9.34,4.81,9318.33,101.02,LC,IDBI,1
https://www.screener.in/company/ADANIENSOL/consolidated/,988,329,52.85,18.7,5.08,118686.73,10.23,13.64,20,30.5,99.58,0.26,12.14,1.95,2383.76,112.31,LC,ADANIENSOL,1
https://www.screener.in/company/SOLARINDS/consolidated/,13043,36.63,81.28,160.48,23.07,118026.18,38.13,32.64,28.16,29.4,68.85,0.4,29.89,0.17,1526.72,117.35,LC,SOLARINDS,1
https://www.screener.in/company/INDIANB/consolidated/,873.7,5.66,9.79,85.47,1.47,117684.24,6.38,17.09,8.32,13.69,7.45,1.75,13.49,10.51,11515.24,33.31,LC,INDIANB,1
https://www.screener.in/company/POLYCAB/consolidated/,7587.5,4.75,43.5,174.48,10.78,114229.37,29.72,21.44,28.51,42.77,44.45,0.49,20.73,0.02,2657.19,59.32,LC,POLYCAB,1
https://www.screener.in/company/TATACONSUM/consolidated/,1132.2,10.76,77.27,14.84,5.52,112037.75,9.16,7.01,14.93,10.08,78.27,0.09,7,0.13,1471.5,77.67,LC,TATACONSUM,1
https://www.screener.in/company/HEROMOTOCO/consolidated/,5584,14.43,20.2,272.1,5.32,111730.13,30.34,23.06,9.45,33.24,20.82,1.14,19.16,0.03,5470.53,64.41,LC,HEROMOTOCO,1
https://www.screener.in/company/SIEMENS/consolidated/,3116.5,49.59,67.86,49.62,8.39,110984.96,15.83,11.81,10.2,-17.02,47.99,0.17,14.17,0.01,1769.1,14.54,LC,SIEMENS,1
https://www.screener.in/company/APOLLOHOSP/consolidated/,7542.5,7.38,59.72,125.32,11.93,108449.58,16.64,18.42,14.52,38.62,86.48,0.31,13.86,0.88,1865.8,67.1,LC,APOLLOHOSP,1
https://www.screener.in/company/CIPLA/consolidated/,1331.5,27.83,22.62,56.29,3.27,107556,22.72,17.77,5.08,-4.71,28.36,0.79,15.2,0.01,4533.37,64,LC,CIPLA,1
https://www.screener.in/company/LODHA/consolidated/,1073.6,53.68,32.09,33.48,5.04,107239.46,15.62,14.69,19.25,33.25,47.53,0.46,11.48,0.45,3345.4,35.77,LC,LODHA,1
https://www.screener.in/company/CGPOWER/consolidated/,680.15,28.6,96.26,7.17,14.36,107117,37.48,27.66,25.48,18.28,77.53,0.29,,0.02,1109.48,65.34,LC,CGPOWER,1
https://www.screener.in/company/GROWW/consolidated/,172.92,12.14,66.13,9.98,14.51,106753.83,62.57,49.92,45.37,137.89,16.13,0.75,,0.05,1824.37,-38.02,LC,GROWW,1
https://www.screener.in/company/GAIL/consolidated/,161.69,52.36,12.38,13.06,1.21,106312.79,14.05,13.09,3.07,-18.49,11.13,1.06,13.65,0.25,8605.69,86.18,LC,GAIL,1
https://www.screener.in/company/DRREDDY/consolidated/,1268.1,12.1,19.01,66.72,2.94,105839.48,22.69,17.96,11.06,3.66,20.21,0.94,17.46,0.16,5523,48.8,MC,DRREDDY,1
https://www.screener.in/company/BOSCHLTD/,35695,17.51,45.57,934.24,7.51,105277.55,21.11,15.55,11.31,14.2,40.65,0.34,13.55,0.01,2755.4,75.98,MC,BOSCHLTD,1
https://www.screener.in/company/ABB/,4909.9,87.38,58.87,83.24,14.46,104034.33,38.65,28.82,12.35,4.69,101.89,0.49,18.86,0.01,1763.82,49.98,MC,ABB,1
https://www.screener.in/company/LGEINDIA/,1511.2,15.74,49.86,32.46,14.93,102576.08,56.83,45.18,14.12,45.71,48.29,0.91,29.39,0.07,2203.35,49,MC,LGEINDIA,1
https://www.screener.in/company/MAXHEALTH/consolidated/,1053.6,24.74,70.27,14.6,10.2,102525.05,14.88,12.72,24.44,37.6,76.5,0.18,12.01,0.33,1419.19,72.82,MC,MAXHEALTH,1
https://www.screener.in/company/UNITDSPR/consolidated/,1402.4,21.22,57.98,23.65,12.13,102003.68,26.5,19.74,9.29,19.86,64.9,0.34,18.51,0.05,1720,81.16,MC,UNITDSPR,1
https://www.screener.in/company/LUPIN/consolidated/,2199.3,9.28,20.2,101.7,5.12,100500.96,21.3,20.62,18.86,73.42,41.22,1.02,7.64,0.32,4669.18,55.21,MC,LUPIN,1
https://www.screener.in/company/POWERINDIA/,22418,3.23,113.29,188.74,21.8,99922.33,19.44,13.79,17.44,181.13,175.17,0.12,13.15,0.02,841.27,225.44,MC,POWERINDIA,1
https://www.screener.in/company/INDHOTEL/consolidated/,699.9,27.86,54.28,14.1,8.61,99626.02,17.21,16.12,19.63,17.5,64.93,0.3,7.47,0.28,2164.48,74.15,MC,INDHOTEL,1
https://www.screener.in/company/GMRAIRPORT/consolidated/,94.03,30.35,,-0.35,,99286.05,6.92,,37.36,55.59,,,,,-180.75,78.57,MC,GMRAIRPORT,1
https://www.screener.in/company/MARICO/consolidated/,760.15,2.61,57.57,13.22,24.35,98675.7,45.16,41.34,25.33,6.86,54.03,0.72,38.11,0.14,1750,58.57,MC,MARICO,1
https://www.screener.in/company/ENRIN/,2740.1,32.29,80,,22.27,97580.58,38.99,29.1,64.44,84.18,79.95,0.36,,0.03,1181.3,224.17,MC,ENRIN,1
https://www.screener.in/company/HINDPETRO/consolidated/,450.2,12.94,6.22,72.36,1.68,95794.57,10.52,13.76,-0.61,155.36,4.7,2.21,16.84,1.11,15397.07,76.76,MC,HINDPETRO,1
https://www.screener.in/company/ICICIGI/,1916.1,20.13,34.9,55.02,5.78,95459.73,24.86,18.8,12.53,8.61,40.79,0.54,17.9,0,2734.97,33.29,MC,ICICIGI,1
https://www.screener.in/company/MAZDOCK/consolidated/,2350.2,60.75,39.39,59.66,10.64,94802.37,43.19,34.02,8.53,-12.52,26.6,0.86,28.14,0,2406.7,65.22,MC,MAZDOCK,1
https://www.screener.in/company/SHREECEM/consolidated/,26130,24.41,52.61,496.72,4.2,94278.99,6.71,5.29,6.38,46.5,51.26,0.1,10.47,0.1,1796.12,108.95,MC,SHREECEM,1
https://www.screener.in/company/ICICIPRULI/consolidated/,643.65,23.79,68.09,9.47,6.93,93226.53,11.94,10.43,-2.21,40.59,87.25,0.15,8.13,0.19,1369.25,-544.23,MC,ICICIPRULI,1
https://www.screener.in/company/SWIGGY/consolidated/,337.65,82.82,,-17.77,9.51,93201.99,-29.22,-254.95,52.09,-73.27,,,,0.25,-4435,90.6,MC,SWIGGY,1
https://www.screener.in/company/RECLTD/consolidated/,346.9,88.53,5.3,65.48,1.09,91346.54,9.96,21.51,12.19,10.16,5.12,4.06,21.33,6.18,17243.06,-71.97,MC,RECLTD,1
https://www.screener.in/company/ZYDUSLIFE/consolidated/,904.7,46.38,17.82,49.08,3.6,91033.99,24.31,21.21,17.27,12.67,22.2,1.19,18.27,0.38,5026.2,92.91,MC,ZYDUSLIFE,1
https://www.screener.in/company/GVT&D/,3553,7.49,81.41,41.71,43.61,90974.57,54.74,40.35,41.16,128.94,116.96,0.5,11.79,0.01,1067.97,101.1,MC,GVT&D,1
https://www.screener.in/company/DABUR/consolidated/,512.45,31.13,48.91,10.41,8.29,90892.75,20.24,17.04,3.48,3.41,54.14,0.35,20.17,0.12,1819.42,69.52,MC,DABUR,1
https://www.screener.in/company/WAAREEENER/consolidated/,3096.2,24.83,25.58,113.71,7.75,89059.38,34.94,27.42,64.92,129.13,41.57,1.07,29.89,0.26,3402.35,101.57,MC,WAAREEENER,1
https://www.screener.in/company/BHEL/consolidated/,255.75,52.75,109.37,2.34,3.65,89053.77,4.87,2.12,10.36,56.87,146.29,0.02,-0.65,0.45,814.24,115.09,MC,BHEL,1
https://www.screener.in/company/HAVELLS/consolidated/,1404,50,58,23.69,10.16,88066.86,25.32,18.81,8.17,8.38,70.08,0.32,19.1,0.03,1482.86,61.15,MC,HAVELLS,1
https://www.screener.in/company/ABCAPITAL/consolidated/,336.2,9.85,24.8,13.4,2.73,88003.86,9.33,11.49,13.05,-3.31,17.99,0.46,14.47,4.86,3584.7,-189.32,MC,ABCAPITAL,1
https://www.screener.in/company/LENSKART/consolidated/,502.2,6.19,229.97,3.83,13.71,87125.18,5.57,4.32,22.57,4938.22,136.7,0.02,0.51,0.45,297.34,97.55,MC,LENSKART,1
https://www.screener.in/company/PERSISTENT/consolidated/,5479,23.91,48.06,110.76,12.09,86431.23,30.44,24.08,23.46,36.28,52.16,0.5,22.82,0.06,1731.62,54.08,MC,PERSISTENT,1
https://www.screener.in/company/MANKIND/consolidated/,2060.5,48.26,45.8,43.11,5.56,85058.49,15.98,14.68,20.46,-8.65,50.55,0.32,20.2,0.55,1803.33,74.32,MC,MANKIND,1
https://www.screener.in/company/SRF/consolidated/,2833.4,17.35,45.41,60.02,6.33,83989.01,12.27,10.37,11.01,61.25,42.99,0.23,17.01,0.35,1779.22,87.29,MC,SRF,1
https://www.screener.in/company/BHARTIHEXA/,1668.7,23.02,47.34,35.1,13.36,83435,17.44,25.15,13.56,67.76,70.29,0.53,8.88,1.06,1754.9,105,MC,BHARTIHEXA,1
https://www.screener.in/company/JSWENERGY/consolidated/,474.7,69.57,36.04,13.02,2.85,83418.66,6.49,7.41,55.52,22.2,44.56,0.21,7.94,2.37,2603.39,64.69,MC,JSWENERGY,1
https://www.screener.in/company/BHARATFORG/consolidated/,1738.8,5.03,71.19,23.62,8.88,83130.05,12.18,11.58,4.55,18.11,60.35,0.16,10.57,0.71,1138.58,64.99,MC,BHARATFORG,1
https://www.screener.in/company/NYKAA/consolidated/,270.95,58.33,512.29,0.49,55.89,77564.51,9.59,5.16,24.88,187.14,1149.57,0.01,4.17,1.01,144.24,92.95,MC,NYKAA,1
https://www.screener.in/company/NHPC/consolidated/,75.47,56.95,24,3.15,1.84,75809.88,7.42,7.53,12.37,17.14,12.89,0.31,9.48,1.09,3590.67,70.09,MC,NHPC,1
https://www.screener.in/company/NTPCGREEN/consolidated/,89.01,74.53,134.23,0.66,4,75002.76,4.89,3.85,22.55,72.88,164.97,0.03,,1.16,557.39,91.81,MC,NTPCGREEN,1
https://www.screener.in/company/BAJAJHFL/,89.29,111.11,29.9,2.97,3.51,74399.42,9.55,13.46,18.76,27.09,45.81,0.45,13.09,4.44,2477.83,-194.13,MC,BAJAJHFL,1
https://www.screener.in/company/AUBANK/,994.9,3.52,32.15,31.01,4.1,74376.81,8.4,14.19,22.33,13.63,30.37,0.44,15.33,7.87,2313.09,49.2,MC,AUBANK,1
https://www.screener.in/company/OIL/consolidated/,455.25,68.68,12.7,35.84,1.32,74051.32,12.89,13.26,1.86,-20.94,5.37,1.04,18.21,0.64,6623.18,88.83,MC,OIL,1
https://www.screener.in/company/NAUKRI/consolidated/,1141.1,61.16,54.75,20.79,1.52,73991.27,3,1.16,14.8,111.19,146.67,0.02,3.8,0.01,1685,76.39,MC,NAUKRI,1
https://www.screener.in/company/TORNTPOWER/consolidated/,1462.6,39.3,23.34,62.67,3.92,73700.93,15.95,19.03,-0.76,33.85,20.55,0.82,15.52,0.55,3215.09,85.98,MC,TORNTPOWER,1
https://www.screener.in/company/BANKINDIA/consolidated/,161.79,264.05,7.22,21.57,0.85,73657.61,6.17,12.35,7.87,19.66,7.68,1.71,8.26,11.54,9822.68,31.01,MC,BANKINDIA,1
https://www.screener.in/company/SBICARD/,760.7,53.15,34.61,21.98,4.89,72387.11,10.4,14.82,10.67,2.3,39.86,0.43,20.17,3.33,2091.55,-36.24,MC,SBICARD,1
https://www.screener.in/company/INDUSINDBK/consolidated/,926.05,120.07,,-26.1,1.11,72146.34,6.47,4.02,-8.67,-128.04,14.28,,10.3,6.7,-2033.7,54.25,MC,INDUSINDBK,1
https://www.screener.in/company/PAYTM/consolidated/,1126.3,74.11,133,-2.69,4.7,72063.87,-10.14,-10.28,11.42,127.06,761.53,-0.08,-14.49,0.01,-175.6,15.56,MC,PAYTM,1
https://www.screener.in/company/UNOMINDA/consolidated/,1244,11.09,62.01,19.76,11.53,71785.22,18.83,17.5,17.51,23.21,64.55,0.28,16.06,0.46,1221.54,51.52,MC,UNOMINDA,1
https://www.screener.in/company/LTF/consolidated/,285.1,15.56,25.22,11.25,2.71,71377.29,8.71,10.79,10.43,10.51,19.5,0.43,6.27,3.72,2809.55,-172.11,MC,LTF,1
https://www.screener.in/company/FEDERALBNK/consolidated/,288.3,3.5,17.34,16.66,1.96,71009.37,7.03,12.86,5.48,1.4,10.61,0.74,13.16,8.71,4219.1,37.44,MC,FEDERALBNK,1
https://www.screener.in/company/POLICYBZR/consolidated/,1523.8,47.98,121.67,12.59,10.42,70502.38,5.9,5.13,36.89,178.37,346.83,0.04,-4.93,0.05,579.64,-36.51,MC,POLICYBZR,1
https://www.screener.in/company/IDFCFIRSTB/consolidated/,81.54,23.55,44.5,2.05,1.5,70106.01,6.22,4.21,11.61,-18.22,21.54,0.09,6.06,7.03,1575.52,72.7,MC,IDFCFIRSTB,1
https://www.screener.in/company/NMDC/consolidated/,79.43,85.77,10.12,7.85,2.15,69833.41,29.59,23.6,18.56,6.24,8.71,2.33,26.16,0.11,6899.73,19.44,MC,NMDC,1
https://www.screener.in/company/DIXON/consolidated/,11417,67.73,49.18,261.79,17.05,69284.92,39.95,32.85,46.44,121.73,123.34,0.67,26.94,0.34,1811.23,74.19,MC,DIXON,1
https://www.screener.in/company/FORTIS/consolidated/,916.75,20.53,68.68,12.71,7.34,69210.79,11.96,10.13,15.99,28.19,60.76,0.15,6.33,0.34,981.02,85.64,MC,FORTIS,1
https://www.screener.in/company/MEESHO/consolidated/,152.85,66.6,,-452.68,,68983.21,-8.71,-264,23.31,-1311.82,,,,0.04,-3941.71,-409.23,MC,MEESHO,1
https://www.screener.in/company/GICRE/consolidated/,390.6,34.54,7.12,54.88,0.97,68526.86,13.32,10.99,13.96,28.15,8.95,1.54,11.05,0,9628.65,25.36,MC,GICRE,1
https://www.screener.in/company/COROMANDEL/consolidated/,2279.5,19.32,31.7,81.26,5.52,67244.2,23.2,16.89,32.4,28.8,18.04,0.53,22.55,0.12,2361.96,86.87,MC,COROMANDEL,1
https://www.screener.in/company/IOB/,34.83,557.19,14.11,2.47,1.85,67070.7,5.95,11.02,14.43,53.75,28.4,0.78,9.04,10.93,4753.65,13.38,MC,IOB,1
https://www.screener.in/company/AUROPHARMA/consolidated/,1145.6,39.01,18.84,60.04,1.9,66536.63,14.18,11.08,7.31,-0.71,18.54,0.59,11.59,0.22,3484.96,54.97,MC,AUROPHARMA,1
https://www.screener.in/company/SAIL/consolidated/,159.28,83.95,21.72,6.75,1.13,65791.01,6.76,4.54,8.1,3.65,14,0.21,9.49,0.58,2788.31,82.26,MC,SAIL,1
https://www.screener.in/company/YESBANK/consolidated/,20.86,1836.72,20.62,1.01,1.3,65456.53,6.36,5.46,-1.9,46.32,39.55,0.26,1.12,7.1,3174.04,24.82,MC,YESBANK,1
https://www.screener.in/company/PRESTIGE/consolidated/,1519.1,36.58,67.43,22.53,4.13,65432.23,7.66,3.48,26.99,66.59,41.91,0.05,6.15,0.92,1056.7,4.52,MC,PRESTIGE,1
https://www.screener.in/company/LLOYDSME/consolidated/,1190.4,35.53,26.35,46.23,8.41,64896.39,38.28,31.45,73.48,61.53,33.64,1.19,45.22,1.06,2500.42,60.18,MC,LLOYDSME,1
https://www.screener.in/company/ALKEM/consolidated/,5402.5,19.2,26.91,198.32,4.84,64594.99,20.38,19.39,11.73,11,29.06,0.72,18.76,0.18,2422.44,63.73,MC,ALKEM,1
https://www.screener.in/company/RVNL/consolidated/,308.95,109.42,56.17,5.5,6.74,64416.7,14.72,14.01,-0.33,-11.84,18.67,0.25,17.79,0.52,1148.14,84.59,MC,RVNL,1
https://www.screener.in/company/SCHAEFFLER/,4105.8,20.59,57.43,71.5,11.65,64184.4,25.67,19.17,12.56,17.75,53.8,0.33,18.32,0.01,1117.62,55.62,MC,SCHAEFFLER,1
https://www.screener.in/company/NATIONALUM/consolidated/,349.3,23.56,10.45,33.44,3.23,64153.55,43.96,32.72,19.86,58.2,10.01,3.13,19.54,0,6141.8,73.83,MC,NATIONALUM,1
https://www.screener.in/company/MRF/consolidated/,150105,8.99,27.83,5258.19,3.27,63661.68,13.62,10.62,10.03,30.46,31.82,0.38,8.75,0.19,2230.05,41.51,MC,MRF,1
https://www.screener.in/company/JSL/consolidated/,764.2,15.68,21.31,35.68,3.48,63002.15,18.16,16.15,8.42,22.34,14.89,0.76,21.8,0.38,2940.32,96.12,MC,JSL,1
https://www.screener.in/company/MFSL/consolidated/,1824.9,1.29,438.36,4.1,11.88,62979.99,8.13,7.26,0.55,-43.23,101.55,0.02,9.42,0.34,175.36,1658.19,MC,MFSL,1
https://www.screener.in/company/APLAPOLLO/consolidated/,2245.9,2.47,54.61,41.14,13.54,62354.27,22.36,18.95,8.79,79.99,53.72,0.35,22.81,0.16,1141.86,95.27,MC,APLAPOLLO,1
https://www.screener.in/company/SUZLON/consolidated/,45.67,844.19,19.23,2.38,7.9,62123.24,32.52,41.44,61.67,176.1,87.8,2.15,,0.05,3230.02,55.53,MC,SUZLON,1
https://www.screener.in/company/PHOENIXLTD/consolidated/,1735.5,19.19,56.16,30.46,5.75,62063.58,10.75,9.36,2.5,7.06,56.47,0.17,8.6,0.46,1418.81,93.09,MC,PHOENIXLTD,1
https://www.screener.in/company/BIOCON/consolidated/,377.95,29.05,74.61,4.81,1.89,61262.21,6.25,4.76,13.99,5.24,48.76,0.06,5.99,0.62,629.6,91.81,MC,BIOCON,1
https://www.screener.in/company/UPL/consolidated/,724.3,14.53,32.19,20.82,1.92,61142.84,7.66,3.29,8.72,2605.29,19.11,0.1,8.45,0.94,2005,134.4,MC,UPL,1
https://www.screener.in/company/MCX/consolidated/,2340.6,15.61,63.68,36.75,28.6,59683.39,42.86,34.33,70.02,82.89,54.55,0.54,15.53,0,937.24,124.43,MC,MCX,1
https://www.screener.in/company/HDBFS/,709.4,25.73,25.34,28.28,3.04,58882.91,9.79,14.72,15.01,-11.56,28.25,0.58,14.46,4.68,2323.9,-142.6,MC,HDBFS,1
https://www.screener.in/company/LINDEINDIA/,6900,43.99,100.83,68.43,14.89,58843.2,16.9,12.33,-0.61,34.39,105.37,0.12,12.81,0.02,583.57,70.44,MC,LINDEINDIA,1
https://www.screener.in/company/SUNDARMFIN/consolidated/,5289.5,5.02,27.87,185.21,3.88,58768.39,9.64,15.27,13.42,29.27,24.94,0.55,14.73,4.35,2057.67,-130.95,MC,SUNDARMFIN,1
https://www.screener.in/company/NAM-INDIA/consolidated/,912.4,10.59,40.28,22.69,13.26,58128.25,40.69,31.39,18.95,8.46,31.51,0.78,25.98,0.02,1443.26,69.27,MC,NAM-INDIA,1
https://www.screener.in/company/OFSS/consolidated/,6639,99.13,23.66,280.87,7.84,57773.59,40.6,29.34,8.13,6.35,20.24,1.24,27.38,0,2441.5,65.05,MC,OFSS,1
https://www.screener.in/company/COLPAL/,2122.2,83.44,43.3,48.79,36.48,57720.79,105.34,81.19,-2.73,-8.79,44.61,1.88,73.2,0.04,1326.99,66.51,MC,COLPAL,1
https://www.screener.in/company/HINDCOPPER/,591.65,28.46,85.76,6.9,19.15,57213.98,23.75,18.72,39.28,65.83,55.16,0.22,16.73,0.05,667.15,67.23,MC,HINDCOPPER,1
https://www.screener.in/company/ATGL/consolidated/,519.9,669.38,89.07,5.84,12.68,57179.13,17.47,16.82,17.67,-3.87,170.04,0.19,20.79,0.45,641.97,81.69,MC,ATGL,1
https://www.screener.in/company/VMM/consolidated/,121.91,29.4,72.44,1.69,8.26,56968.58,13.1,10.13,20.54,36.04,101.42,0.14,6.5,0.27,786.41,88.09,MC,VMM,1
https://www.screener.in/company/PATANJALI/,521.25,29.82,33.76,15.17,4.68,56707.73,15.55,12.06,19.12,46.16,50.94,0.36,11.79,0.24,1649.39,9.47,MC,PATANJALI,1
https://www.screener.in/company/GLENMARK/consolidated/,1997.6,14.44,20.83,37.74,5.88,56372.43,19.4,15.79,25.44,317.76,17.65,0.76,-1.49,0.13,1065.01,-33.57,MC,GLENMARK,1
https://www.screener.in/company/OBEROIRLTY/consolidated/,1547.6,51.84,24.95,61.53,3.36,56271.08,17.73,14.67,-0.76,-12.61,28.38,0.59,13.06,0.18,2237.32,67.14,MC,OBEROIRLTY,1
https://www.screener.in/company/ABBOTINDIA/,26460,39.83,36.89,717.26,14.02,56227.5,46.25,35.68,9.31,14.21,48.84,0.97,32.32,0.05,1524.13,51.34,MC,ABBOTINDIA,1
https://www.screener.in/company/KRT/,125.53,3.15,30.34,,1.23,55665.02,13.17,13.98,17.69,-4.85,,0.46,,0.07,1834.51,82.89,MC,KRT,1
https://www.screener.in/company/LAURUSLABS/consolidated/,1010.6,12.9,64.69,15.63,11.35,54557.91,9.15,7.45,27.46,321.11,37.34,0.12,17.91,0.46,840.82,56.05,MC,LAURUSLABS,1
https://www.screener.in/company/GODREJPROP/consolidated/,1806.6,88.35,34.04,52.53,2.97,54415.94,6.57,8.98,-10.22,7.34,74.82,0.26,5.22,0.89,1573.7,-127.78,MC,GODREJPROP,1
https://www.screener.in/company/JSWINFRA/consolidated/,257.45,40.22,33.37,7.69,5.3,54064.54,13.92,16.24,19.42,22.41,44.55,0.49,16.19,0.52,1638.81,82.98,MC,JSWINFRA,1
https://www.screener.in/company/BERGEPAINT/consolidated/,462,57.46,48.07,9.04,8.58,53867.64,24.9,20.26,3.13,-1.75,63.48,0.42,21.91,0.11,1055.68,64.42,MC,BERGEPAINT,1
https://www.screener.in/company/FACT/consolidated/,781.2,51.95,3413.18,0.43,36.76,50549.26,8.65,1.61,30.39,-82.28,46.86,0,,2.79,27.96,45.03,MC,FACT,1
https://www.screener.in/company/M&MFIN/consolidated/,363.45,13.44,20.43,17.08,2.04,50518.5,8.77,10.9,13.97,-0.08,18.33,0.53,9.2,4.9,2376.82,-132.68,MC,M&MFIN,1
https://www.screener.in/company/BALKRISIND/consolidated/,2611.8,29.33,38.48,67.88,4.84,50490.58,16.67,15.78,2.56,-26,33.1,0.41,17.29,0.35,1312.19,62.66,MC,BALKRISIND,1
https://www.screener.in/company/VOLTAS/consolidated/,1525.4,27.59,97.35,15.13,7.92,50473.16,17.64,13.47,-4.88,-27.67,73.8,0.14,8.67,0.28,492.26,-17.25,MC,VOLTAS,1
https://www.screener.in/company/MAHABANK/consolidated/,65.44,47.85,7.77,8.42,1.51,50333.54,5.72,22.81,19.31,22.87,9.25,2.94,17.03,10.54,6474.29,39.91,MC,MAHABANK,1
https://www.screener.in/company/543225/consolidated/,165,0,51.63,3.16,3.79,50282.1,8.17,5.7,41.74,6.53,51.19,0.11,2.76,3.88,963.9,88.51,MC,543225,1
https://www.screener.in/company/IRCTC/,617.5,107.17,35.73,17.81,11.6,49400,49.03,37.16,10.14,12.08,62.98,1.04,36.82,0.02,1424.75,46.85,MC,IRCTC,1
https://www.screener.in/company/TIINDIA/consolidated/,2498.6,92.54,78.23,30.9,6.43,48352.82,21.8,12.77,15.84,-24.86,69.9,0.16,21.55,0.09,1042.4,54.16,MC,TIINDIA,1
https://www.screener.in/company/SUPREMEIND/consolidated/,3774.9,71.72,58.88,64.11,8.38,47951.37,22.04,17.14,2.78,-20.3,45.13,0.29,23.13,0.06,814.35,64.34,MC,SUPREMEIND,1
https://www.screener.in/company/PIIND/consolidated/,3150.6,52.48,35.02,95.64,4.41,47800.31,22.86,17.61,-12.56,-19.68,40.47,0.5,18.23,0.02,1451.1,55.32,MC,PIIND,1
https://www.screener.in/company/TATACOMM/consolidated/,1656.9,31.27,41.24,62.41,16.58,47221.65,14.79,55.18,6.48,-2.44,33.03,1.34,,4.68,1778.09,62.01,MC,TATACOMM,1
https://www.screener.in/company/MOTILALOFS/consolidated/,784.55,39.84,23.28,33.75,3.66,47161.75,18.67,25.25,-15.21,-38.42,10.94,1.08,26.44,1.22,2028.42,26.27,MC,MOTILALOFS,1
https://www.screener.in/company/MPHASIS/consolidated/,2458.4,48.87,25.68,94.57,4.87,46873.79,22.71,18.22,10.16,10.69,29.73,0.71,19.74,0.21,1799.45,66.37,MC,MPHASIS,1
https://www.screener.in/company/COFORGE/consolidated/,1361.8,47.26,36.37,36.18,6.62,45726.86,20.34,15.98,39.36,58.45,47.96,0.44,21.36,0.14,1385.8,67.35,MC,COFORGE,1
https://www.screener.in/company/360ONE/consolidated/,1126.8,16.97,38.82,29.26,4.88,45695.34,14.91,20.57,22.1,9.97,32.56,0.53,20.01,1.47,1177.03,-100.79,MC,360ONE,1
https://www.screener.in/company/BDL/,1243.6,68.59,78.61,15.82,10.81,45585.71,19.66,14.38,54.35,2.52,55.18,0.18,14.46,0,579.92,20.32,MC,BDL,1
https://www.screener.in/company/GLAXO/consolidated/,2594.4,35.52,43.7,60.27,25.74,43950.7,63.25,46.87,2.59,17.75,54.12,1.07,44.83,0.02,1020.99,102.77,MC,GLAXO,1
https://www.screener.in/company/KEI/consolidated/,4566.8,10.37,50.73,90.05,7.06,43658.88,21.29,15.58,22.24,34.77,43.26,0.31,18.05,0.04,860.67,-3.03,MC,KEI,1
https://www.screener.in/company/PETRONET/consolidated/,290.4,32.54,11.98,24.24,2.06,43560,25.39,21.16,-11.61,-0.15,11.17,1.77,23.45,0.12,3636.69,70.26,MC,PETRONET,1
https://www.screener.in/company/JKCEMENT/consolidated/,5599,35.12,41.17,132,6.67,43262.49,13.99,13.87,17.65,66.36,41.79,0.34,15.33,1,1018.44,87.88,MC,JKCEMENT,1
https://www.screener.in/company/KALYANKJIL/consolidated/,418.05,90.26,37.32,10.93,8.08,43170.46,15.03,15.95,35.27,73.99,49.23,0.43,11.55,1,1128.5,69.98,MC,KALYANKJIL,1
https://www.screener.in/company/UBL/consolidated/,1628.8,41.19,102.52,15.47,9.92,43066.31,13.88,10.77,6.73,-4.32,119.09,0.11,8.57,0.18,409.28,26.81,MC,UBL,1
https://www.screener.in/company/ASTRAL/consolidated/,1596.5,53.71,83.25,18.72,11.36,42890,19.71,14.89,6.67,-2.07,92.01,0.18,18.68,0.07,499.8,65.3,MC,ASTRAL,1
https://www.screener.in/company/EMBASSY/consolidated/,440.42,16.25,106.39,5.55,1.89,41747.14,3.64,7.05,13.44,-81.76,40.74,0.07,3.76,0.96,525.69,93.56,MC,EMBASSY,1
https://www.screener.in/company/AIIL/,486.35,40.54,11.35,42.87,2.55,41302.08,30.85,34.14,-7.82,-8.53,7.79,3.01,32.42,0.17,3640.39,40.93,MC,AIIL,1
https://www.screener.in/company/BLUESTARCO/consolidated/,1997.2,21.17,76.84,24.04,13.2,41065.39,26.2,20.62,9.51,-2.63,65.16,0.27,19.65,0.33,494.15,72.11,MC,BLUESTARCO,1
https://www.screener.in/company/DALBHARAT/consolidated/,2140.3,19.07,33.56,63.23,2.27,40144.74,5.58,4.15,3.2,85.44,37.73,0.12,6,0.4,1201,82.31,MC,DALBHARAT,1
https://www.screener.in/company/ESCORTS/consolidated/,3586.6,23.29,30.8,213.8,3.38,40126.08,13.59,12.8,9.08,18.87,34.67,0.42,12.46,0.01,2391.95,61.79,MC,ESCORTS,1
https://www.screener.in/company/PIRAMALFIN/consolidated/,1769.1,10.51,34.54,32.21,1.46,40101.55,7.73,2.31,53.2,252.85,85.37,0.07,,2.61,1080.92,-159.13,MC,PIRAMALFIN,1
https://www.screener.in/company/3MINDIA/,35115,16.76,120.79,335.86,24.56,39574.61,38.17,23.85,14.22,-42.11,73.3,0.2,17.54,0.06,378.35,42.28,MC,3MINDIA,1
https://www.screener.in/company/MINDSPACE/consolidated/,494.99,3.37,69.89,8.87,2.22,39335.71,6.53,3.39,18.11,5.93,45.84,0.05,3.15,0.83,581.65,104.27,MC,MINDSPACE,1
https://www.screener.in/company/HUDCO/consolidated/,195.77,80.8,14.09,13.89,2.17,39191.2,9.62,15.67,30.44,3.7,8.14,1.11,13.11,7.03,2780.8,-304.04,MC,HUDCO,1
https://www.screener.in/company/ANTHEM/consolidated/,689.95,26.6,77.1,8.64,14.08,38755.45,28.5,20.83,29.96,22.85,87.02,0.27,25.79,0.04,484.66,55.25,MC,ANTHEM,1
https://www.screener.in/company/COCHINSHIP/,1472.8,102.3,54.47,27.04,6.71,38746.54,20.35,15.85,15.68,-13.55,31.62,0.29,13.99,0.18,711.34,-21.24,MC,COCHINSHIP,1
https://www.screener.in/company/APARINDS/consolidated/,9511,24.04,38.53,242.36,7.87,38204.08,32.7,19.5,20.66,22.79,24.39,0.51,22.26,0.14,973.51,77.02,MC,APARINDS,1
https://www.screener.in/company/PGHH/,11694,64.61,44.17,264.78,40.76,37959.58,103.79,75.67,0.56,20.05,74.52,1.71,68.07,0,859.48,65.29,MC,PGHH,1
https://www.screener.in/company/CONCOR/consolidated/,498.3,91.68,29.7,16.78,2.97,37951.42,13.87,10.79,2.01,-4.09,39.46,0.36,9.66,0.07,1281.12,71.35,MC,CONCOR,1
https://www.screener.in/company/POONAWALLA/consolidated/,464.15,22.89,107.98,4.37,3.82,37722.43,4.77,-1.28,48.3,104.26,51.71,-0.01,3.91,3.64,349.35,-734.7,MC,POONAWALLA,1
https://www.screener.in/company/IPCALAB/consolidated/,1485.4,18.33,35.68,35.86,5.07,37685.22,14.72,12.75,8.92,33.27,37.97,0.36,14.17,0.17,941.08,73.82,MC,IPCALAB,1
https://www.screener.in/company/ITCHOTELS/consolidated/,180.13,45.24,45.85,3.64,3.4,37518.97,9.63,6.66,60.03,50.12,69.83,0.15,,0.01,761.68,60.09,MC,ITCHOTELS,1
https://www.screener.in/company/PAGEIND/,33530,62.09,48.26,671.61,26.54,37398.94,59.4,48.54,5.44,15.08,79.61,1.01,45.37,0.19,749.11,107.07,MC,PAGEIND,1
https://www.screener.in/company/RADICO/,2789.4,32.47,70.4,38.71,12.8,37348.25,16.24,13.62,26.48,70.44,78.71,0.19,12.77,0.21,518.1,53.33,MC,RADICO,1
https://www.screener.in/company/FLUOROCHEM/consolidated/,3398,43.64,55.97,59.72,4.9,37327.03,9.89,8.29,4.46,46.26,49.33,0.15,11.62,0.23,656,44.86,MC,FLUOROCHEM,1
https://www.screener.in/company/LTTS/consolidated/,3509.3,70.97,28.98,118.74,6.01,37197.22,28.29,22.16,14.92,-0.98,38.88,0.76,24.53,0.1,1258.6,70.57,MC,LTTS,1
https://www.screener.in/company/NH/consolidated/,1819.8,30.32,45.05,38.12,9.16,37189.58,20.75,24.22,29.01,5.68,37,0.54,25.14,0.58,779.27,71.71,MC,NH,1
https://www.screener.in/company/AJANTPHARM/consolidated/,2920.1,19.37,35.96,81.21,8.45,36482.45,32.37,24.91,14.78,13,32.43,0.69,22.44,0.06,1014.56,85.82,MC,AJANTPHARM,1
https://www.screener.in/company/AIAENG/consolidated/,3861.8,28.18,30.94,124.53,4.89,36038.46,18.92,15.42,0.7,12.41,30.88,0.5,16.44,0.14,1160.95,78.54,MC,AIAENG,1
https://www.screener.in/company/NLCINDIA/consolidated/,259.3,20.25,13.77,18.83,1.8,35955.49,10.51,14.47,8.66,15.85,11.95,1.05,10.36,1.22,2756.48,139.98,MC,NLCINDIA,1
https://www.screener.in/company/UCOBANK/,28.13,441.77,13.47,2.09,1.06,35273.78,5.76,8.38,9.05,12.98,22.09,0.62,5.59,10.11,2619.14,9.77,MC,UCOBANK,1
https://www.screener.in/company/JUBLFOOD/consolidated/,533.1,72.2,106.27,6.01,16.23,35176.35,13.08,10.36,20.09,44.32,135.54,0.1,16.59,2.11,411.16,100.64,MC,JUBLFOOD,1
https://www.screener.in/company/ENDURANCE/consolidated/,2484.2,23.98,37.75,65.43,5.58,34943.46,17.26,14.63,19.42,15.5,41.97,0.39,13.58,0.2,920.39,95.17,MC,ENDURANCE,1
https://www.screener.in/company/IREDA/,123.56,150.89,18.44,6.78,2.69,34710.86,9.37,18.05,29.03,22.69,28.27,0.98,16.45,5.41,1882.38,-230.12,MC,IREDA,1
https://www.screener.in/company/THERMAX/consolidated/,2886.7,102.31,53.68,57.23,6.81,34396.85,16.22,13.57,2.56,3.5,69.55,0.25,11.72,0.36,681.41,89.71,MC,THERMAX,1
https://www.screener.in/company/PREMIERENE/consolidated/,759.2,82.82,25.84,29.44,9.96,34391.33,41.12,53.55,19.76,74.34,46.76,2.07,35.98,0.47,1330.66,70.83,MC,PREMIERENE,1
https://www.screener.in/company/HEXT/consolidated/,561.6,60.28,23.65,22.41,5.43,34314.66,30,24.87,12.16,24.45,32.93,1.05,23.09,0.11,1368.3,75.62,MC,HEXT,1
https://www.screener.in/company/CENTRALBK/consolidated/,36.88,475.19,6.92,5.39,0.85,33381.57,5.48,11.43,4.8,32.36,13.7,1.65,5.81,12.26,4889.5,-9.64,MC,CENTRALBK,1
https://www.screener.in/company/SONACOMS/consolidated/,527.95,59.09,50.32,9.85,5.75,32823.76,17.82,14.37,13.78,9.03,74.06,0.29,17.78,0.04,606.01,73.01,MC,SONACOMS,1
https://www.screener.in/company/GODREJIND/consolidated/,966.1,44.03,32.34,29.08,3.13,32538.72,7.83,9.64,10.18,106.82,39.72,0.3,7.13,4.48,1987.11,-114.83,SC,GODREJIND,1
https://www.screener.in/company/MRPL/consolidated/,185.6,55.85,14.93,12.43,2.44,32528.23,4.38,0.45,-6.4,162.62,11.12,0.03,19.54,0.81,2178.22,75.49,SC,MRPL,1
https://www.screener.in/company/CRISIL/consolidated/,4443.2,56.54,42.42,104.75,10.71,32493.13,34.6,27.37,11.94,15.89,49,0.65,29.6,0.1,766.01,64.2,SC,CRISIL,1
https://www.screener.in/company/GODFRYPHLP/consolidated/,2081.8,89.6,25.01,82.31,5.57,32472.28,26.32,19.93,25.73,19.89,15.44,0.8,17.37,0.03,1284.17,7.44,SC,GODFRYPHLP,1
https://www.screener.in/company/NAVINFLUOR/consolidated/,6304,10.49,57.51,107.9,8.97,32310.65,11.68,11.52,36.74,112.82,72.35,0.2,13.89,0.33,545.89,98.85,SC,NAVINFLUOR,1
https://www.screener.in/company/CHOLAHLDNG/consolidated/,1710.1,34.44,13.56,126.09,2.35,32111.82,10.57,19.11,20.28,14.21,14.25,1.41,18.51,13.68,5221.81,-178.21,SC,CHOLAHLDNG,1
https://www.screener.in/company/TATAINVEST/consolidated/,630.15,88,78.23,8.05,1,31882.63,1.21,1.02,8.11,21.72,48.97,0.01,1.28,0,407.57,55.69,SC,TATAINVEST,1
https://www.screener.in/company/KPRMILL/consolidated/,930.5,49.96,37.69,24.69,5.95,31805.79,19.84,17.04,5.05,2.39,31.51,0.45,21.72,0.06,843.88,108,SC,KPRMILL,1
https://www.screener.in/company/DELHIVERY/consolidated/,420.55,68.46,174.75,2.05,3.3,31469.45,2.47,1.52,11.73,340.62,218.25,0.01,-7.69,0.17,152.7,71.21,SC,DELHIVERY,1
https://www.screener.in/company/FORCEMOT/consolidated/,23843,5.06,32.75,1038.09,8.96,31416.16,29.99,20.82,14.71,89.48,31.72,0.64,7.62,0,1367.95,84.09,SC,FORCEMOT,1
https://www.screener.in/company/id/1285762/consolidated/,,,,-0.99,,31169.94,-2.12,,48.74,73.56,,,,2.65,-243.26,155.6,SC,id,1
https://www.screener.in/company/APOLLOTYRE/consolidated/,489.65,19.45,21.28,14.58,2,31097.72,11.44,8.61,6.17,8.27,19.82,0.4,8.63,0.29,926.07,49.66,SC,APOLLOTYRE,1
https://www.screener.in/company/ASTERDM/consolidated/,599.9,22.05,86.28,6.37,6.86,31082.08,10.68,8.26,8.5,34.62,64.17,0.1,8.3,0.46,359.06,47.53,SC,ASTERDM,1
https://www.screener.in/company/ACC/consolidated/,1637.1,73.72,12.22,141.11,1.54,30742.65,17.44,13.23,16.38,4.69,22.33,1.08,12.19,0.02,2649.97,41.61,SC,ACC,1
https://www.screener.in/company/PWL/consolidated/,107.33,50.98,,-0.99,21.96,30693.08,-2.12,,48.74,73.56,,,,0.69,-243.26,155.6,SC,PWL,1
https://www.screener.in/company/MEDANTA/consolidated/,1139.1,32.9,54.06,19.12,8.26,30617.91,19.74,16.48,17.16,11.61,63.08,0.3,14.46,0.25,513.79,64.64,SC,MEDANTA,1
https://www.screener.in/company/KARURVYSYA/,316,3.8,13.29,23.79,2.39,30541.64,7.38,17.65,14.34,21.99,9.69,1.33,13.37,8.83,2298.73,55.26,SC,KARURVYSYA,1
https://www.screener.in/company/TVSHLTD/consolidated/,15044,8.33,19.42,769.58,5.51,30437.18,15.21,30.2,25.5,42.11,18.61,1.56,18.82,6.25,3168.79,51.69,SC,TVSHLTD,1
https://www.screener.in/company/JBCHEPHARM/consolidated/,1891.8,7.31,40.29,48.23,7.79,30368.6,25.79,20.12,9.47,17.77,39.34,0.5,19.91,0.01,753.78,86.51,SC,JBCHEPHARM,1
https://www.screener.in/company/SJVN/consolidated/,76.67,122.38,47.64,1.61,2.07,30129.74,4.91,5.81,15.92,-31.08,21.39,0.12,8.84,2.03,631.97,98.01,SC,SJVN,1
https://www.screener.in/company/ZFCVINDIA/,15858,15.08,60.57,258.6,8.84,30066.77,20.15,15.09,4.51,14.23,75.5,0.25,11.68,0.02,490.51,37.64,SC,ZFCVINDIA,1
https://www.screener.in/company/TATAELXSI/,4824,123.06,47.64,93.2,11.12,30051.48,36.26,29.27,-1.47,-22.07,59.52,0.61,34.12,0.06,580.5,70.36,SC,TATAELXSI,1
https://www.screener.in/company/GODIGIT/,322.6,26.33,58.41,5.53,,29822.56,10.8,11.87,9.48,41.04,75.35,0.2,1.55,,510.54,366.4,SC,GODIGIT,1
https://www.screener.in/company/GLAND/consolidated/,1780.8,144.27,33.95,51.42,3.07,29339.82,11.89,7.81,6.7,22.68,39.67,0.23,12.44,0.03,847.18,61.75,SC,GLAND,1
https://www.screener.in/company/GUJGASLTD/consolidated/,424.4,85.36,25.14,16.88,3.36,29215.28,19.5,14.25,-6.7,-5.47,27.61,0.57,20.68,0.02,1162.17,85.15,SC,GUJGASLTD,1
https://www.screener.in/company/METROBRAND/consolidated/,1070,34.69,74.89,14.29,16.04,29153.14,19.42,19.01,11.68,-5.29,84.53,0.25,20.53,0.79,393.49,83.41,SC,METROBRAND,1
https://www.screener.in/company/ISEC/consolidated/,896.2,2.93,15.01,59.7,5.38,29148.63,18.19,41.55,25.4,14.52,14.95,24,50.22,3.89,1941.45,-39.87,SC,ISEC,0
https://www.screener.in/company/SUVENPHAR/consolidated/,1125.15,20.87,102.87,10.97,14.48,28699.2,18.78,14.11,-10.22,-24.77,32.85,36.47,26.39,0.02,279.41,84.77,SC,SUVENPHAR,0
https://www.screener.in/company/EXIDEIND/consolidated/,336.8,84.19,34.39,9.72,1.94,28628,8.65,5.74,3.05,5,26.14,0.17,14.52,0.11,831.1,67.74,SC,EXIDEIND,1
https://www.screener.in/company/MSUMI/,42.79,25.24,45.56,0.94,15.4,28376.88,42.53,35.9,17.79,-1.51,50.72,0.79,,0.14,622.81,36.16,SC,MSUMI,1
https://www.screener.in/company/EMCURE/consolidated/,1488.7,6.51,31.21,45.9,5.95,28221.67,20.72,18.51,17.2,48.83,36.27,0.59,21.78,0.35,894.77,55.44,SC,EMCURE,1
https://www.screener.in/company/IKS/consolidated/,1640.5,33.5,42.45,38.66,12.57,28161.34,27.2,32.87,19.54,65.13,55.39,0.77,38.75,0.34,663.39,39.33,SC,IKS,1
https://www.screener.in/company/LICHSGFIN/consolidated/,507.65,62.91,5.09,99.71,0.72,27923.95,8.93,16.05,4.29,6.49,7.29,3.15,13.8,7.08,5485.26,-62.66,SC,LICHSGFIN,1
https://www.screener.in/company/CDSL/consolidated/,1335.3,49.02,58.6,22.79,16.02,27907.77,41.96,32.7,0.72,-14.28,53.45,0.56,29.41,0,475.7,72.89,SC,CDSL,1
https://www.screener.in/company/GILLETTE/,8553,34.51,44.92,190.42,23.97,27874.23,56.06,41.62,10.08,30.89,57.84,0.93,36.06,0,620.48,52.18,SC,GILLETTE,1
https://www.screener.in/company/GRSE/,2432.8,45.45,40.45,60.15,12.14,27868.21,36.64,27.6,46.65,74.54,30.33,0.68,20.16,0.01,688.99,2.1,SC,GRSE,1
https://www.screener.in/company/ITI/,289.1,105.07,,-1.54,19.19,27844.93,-1.33,-16.15,-17.98,54.42,143.89,,-9.69,0.9,-147.98,-606.76,SC,ITI,1
https://www.screener.in/company/HONAUT/,31375,91.22,54.09,571.4,6.62,27735.5,18.4,13.7,14.65,-3.59,81.18,0.25,14.77,0.02,505.2,55.18,SC,HONAUT,1
https://www.screener.in/company/NHIT/consolidated/,143,0,73.12,2.27,1.26,27696.96,3.38,1.79,122,49.3,56.91,0.02,,0.99,382.45,106.26,SC,NHIT,1
https://www.screener.in/company/PTCIL/consolidated/,18384,5.74,413.79,44.19,19.46,27562.3,7.74,6.07,93.07,29.31,278.74,0.01,7.17,0.13,66.22,12.43,SC,PTCIL,1
https://www.screener.in/company/STARHEALTH/,467.85,100.92,61.7,7.59,,27528.24,11.98,9.37,9.87,-43.36,43.14,0.15,-0.15,,446.15,147.74,SC,STARHEALTH,1
https://www.screener.in/company/KIMS/consolidated/,687.2,16.18,93.73,7.51,12.11,27497.55,15,18.48,26.29,-15.74,47.74,0.2,21.59,1.4,315,71.9,SC,KIMS,1
https://www.screener.in/company/BIRET/consolidated/,352.95,5.65,52.66,7.85,1.81,27302.77,5.38,1.53,13.4,310.58,75.38,0.03,1.28,0.62,561.52,105.18,SC,BIRET,1
https://www.screener.in/company/AMBER/consolidated/,7734.5,11.53,117.04,47.88,7.46,27203.82,14.49,11.28,30.67,4.65,91.16,0.1,8.15,0.77,182.91,87.79,SC,AMBER,1
https://www.screener.in/company/ATHERENERG/,708.25,11.54,,-19.12,9.94,27078.91,-65.71,-156.5,50.94,24.95,,,-147.48,0.16,-651.3,135.8,SC,ATHERENERG,1
https://www.screener.in/company/RAMCOCEM/consolidated/,1144.7,6.1,144.08,24.35,3.58,27048.39,4.77,1.42,0.19,-4.94,59.95,0.01,7.46,0.62,573.72,109.74,SC,RAMCOCEM,1
https://www.screener.in/company/BANDHANBNK/,165.44,348.38,26.46,6.25,1.08,26651.91,7.82,11.88,-0.04,-59.42,13.92,0.45,9.91,6.76,1007.32,19.17,SC,BANDHANBNK,1
https://www.screener.in/company/IRB/consolidated/,44.02,77.53,33.3,1.27,1.3,26583.68,7.82,5.91,4.58,7,32.36,0.18,4.61,1.02,768.81,50.75,SC,IRB,1
https://www.screener.in/company/NBCC/consolidated/,98.08,42.57,39.88,2.42,9.91,26481.6,33.17,25.54,13.84,17.3,36.07,0.64,21.01,0,671.61,77.24,SC,NBCC,1
https://www.screener.in/company/KAYNES/consolidated/,3942.5,98.48,67.69,58.84,5.65,26428.41,14.28,10.74,41.84,50.91,117.58,0.16,11.67,0.19,388.86,-16.04,SC,KAYNES,1
https://www.screener.in/company/AWL/consolidated/,201.57,335.75,27.32,7.23,2.64,26197.62,20.89,13.86,21.85,-19.53,74.6,0.51,10.5,0.11,942.49,78.91,SC,AWL,1
https://www.screener.in/company/MANAPPURAM/consolidated/,302.65,6.26,62.77,4.82,2.02,25617.35,11.03,10.14,-8.11,-79.27,7.79,0.16,17.3,3.02,385.15,-8.53,SC,MANAPPURAM,1
https://www.screener.in/company/PEL/consolidated/,1121.9,64.94,48.89,25.67,0.93,25430.97,6.78,1.63,13.24,28172.83,20.56,0.03,3.76,2.42,580.34,-133.15,SC,PEL,1
https://www.screener.in/company/id/1285758/consolidated/,,,,-1.73,,25376.65,-0.49,-3.31,28.52,66.75,,,-5.42,0.3,-145.49,18.37,SC,id,1
https://www.screener.in/company/ABSLAMC/consolidated/,869.25,4.91,24.65,35.2,7.04,25102.12,35.51,26.99,11.97,11.77,20.17,1.09,28.96,0.02,1016.03,54.91,SC,ABSLAMC,1
https://www.screener.in/company/ANANDRATHI/consolidated/,2989.1,11.2,67.79,44.12,30.69,24815.7,56.26,45.33,20.14,29.41,51.66,0.67,40.55,0.1,367.73,55.24,SC,ANANDRATHI,1
https://www.screener.in/company/NIACL/consolidated/,150.48,154.13,20.79,7.24,,24799.1,3.59,3.64,12.18,20.62,26.28,0.18,2.88,,1193.13,-313.26,SC,NIACL,1
https://www.screener.in/company/NXST/consolidated/,162.92,3.7,48.82,3.34,1.8,24682.38,5.17,2.89,11.06,-1.81,41.78,0.06,,0.42,505.57,96.58,SC,NXST,1
https://www.screener.in/company/AEGISLOG/consolidated/,700.15,48.11,31.94,21.92,4.14,24575.27,13.2,15.53,7.95,33.13,32.46,0.49,15.38,0.41,969.82,42.8,SC,AEGISLOG,1
https://www.screener.in/company/SHYAMMETL/consolidated/,879.45,13.82,25.31,34.75,2.23,24548.25,12.05,8.99,19.43,7.07,15.78,0.36,16.16,0.1,968.78,93.7,SC,SHYAMMETL,1
https://www.screener.in/company/ANGELONE/consolidated/,2698.3,44.55,31.87,84.88,4.22,24522.24,25.8,27.07,-14.56,-42.48,19.82,0.85,37.24,0.77,769.38,-93.4,SC,ANGELONE,1
https://www.screener.in/company/ASAHIINDIA/consolidated/,958.1,12.1,77.88,12.23,6.6,24424.57,12.45,13.61,6.55,-4.7,42.59,0.17,15.58,0.77,303.99,90.96,SC,ASAHIINDIA,1
https://www.screener.in/company/TATATECH/consolidated/,598.25,134.02,36.96,13.1,6.81,24274.85,25.8,19.91,0.68,1.76,55.11,0.54,19.9,0.07,531.29,65.83,SC,TATATECH,1
https://www.screener.in/company/AEGISVOPAK/consolidated/,214.25,40.96,116.08,1.89,5.01,23738.72,7.01,8.73,10.56,47.1,151.09,0.08,,0.42,204.5,98.8,SC,AEGISVOPAK,1
https://www.screener.in/company/NUVAMA/consolidated/,1299.7,30.95,23.03,56.92,6.24,23656.51,20.4,30.87,13,12.7,26.15,1.34,20.9,2.37,1026.74,-16.61,SC,NUVAMA,1
https://www.screener.in/company/KPITTECH/consolidated/,861.7,123.83,31.04,26.23,7.24,23622.97,40.03,32.5,11.37,0.3,58.2,1.05,26.71,0.16,719.13,101.01,SC,KPITTECH,1
https://www.screener.in/company/LALPATHLAB/consolidated/,1398.7,51.77,42.72,31.55,9.81,23435.92,28.88,24.3,10.76,31.63,67.23,0.57,21.87,0.07,533.1,71.9,SC,LALPATHLAB,1
https://www.screener.in/company/IGL/consolidated/,166.51,81.37,14.01,11.89,2.08,23311.43,20.85,16.39,9.49,-1.9,17.65,1.17,19.8,0.01,1657.98,84.25,SC,IGL,1
https://www.screener.in/company/PINELABS/consolidated/,201.31,41.08,,-1.73,6.23,23115.95,-0.49,-3.31,28.52,66.75,,,-6.16,0.23,-145.49,18.37,SC,PINELABS,1
https://www.screener.in/company/PFIZER/,5037.4,28.1,30.26,186.58,5.99,23044.96,21.62,16.4,11.01,23.72,35.66,0.54,18.27,0.01,853.55,72.17,SC,PFIZER,1
https://www.screener.in/company/TIMKEN/,3062.8,57.3,53.53,57.22,8.32,23037.99,20.93,16.95,5.8,7.06,61.55,0.32,17.57,0.01,430.37,60.52,SC,TIMKEN,1
https://www.screener.in/company/HSCL/consolidated/,450.35,52.93,32.18,14.21,5.58,22721.01,22.01,16.42,-3.17,37.06,37.06,0.51,11.18,0.21,703,49.33,SC,HSCL,1
https://www.screener.in/company/SUNTV/consolidated/,576.4,90.46,13.99,40.05,1.84,22715.04,20.4,15.69,8.78,-7.04,13.02,1.12,19.09,0.01,1579.32,58.99,SC,SUNTV,1
https://www.screener.in/company/WOCKPHARMA/consolidated/,1394.8,43.34,208.57,1.35,4.96,22664.41,3.75,-1.22,6.13,172.71,401.46,-0.01,-0.12,0.54,-10,-4.84,SC,WOCKPHARMA,1
https://www.screener.in/company/TENNIND/consolidated/,560.5,5.23,40.04,13.68,24.66,22622.02,57.3,42.63,-10.56,32.38,36.85,1.06,,0.02,553.14,65.68,SC,TENNIND,1
https://www.screener.in/company/DEEPAKNTR/consolidated/,1641.8,93.02,41.31,39.09,4.06,22393.01,16.28,13.36,-3.43,-21.51,36.2,0.32,22.66,0.23,533.32,54.04,SC,DEEPAKNTR,1
https://www.screener.in/company/539533/consolidated/,139.8,202.32,97.05,12.38,64.64,22347.03,,,,,1206.17,,,1.09,245.59,-0.04,SC,539533,1
https://www.screener.in/company/ASTRAZEN/,8919,19.87,107.18,80.36,27.91,22297.5,33.4,23.63,34.49,24.12,105.13,0.22,21.22,0.04,200.89,22.21,SC,ASTRAZEN,1
https://www.screener.in/company/SAGILITY/consolidated/,47.33,22.33,25.35,1.81,2.49,22156.73,9.58,7.38,27.48,100.09,35.83,0.29,,0.14,849.62,89.05,SC,SAGILITY,1
https://www.screener.in/company/PPLPHARMA/consolidated/,165.95,85.54,,-1.23,2.73,22058.87,6.45,1.11,-0.87,-394.88,551.9,,3.31,0.6,-163.61,54.34,SC,PPLPHARMA,1
https://www.screener.in/company/AFFLE/consolidated/,1560.5,40.13,50.1,31.18,6.74,21965.19,16.82,14.03,19.21,19.69,65.06,0.28,17.95,0.01,438.4,73.84,SC,AFFLE,1
https://www.screener.in/company/PNBHOUSING/,836.05,70.16,9.7,86.31,1.21,21779.82,9.46,12.27,13.07,23.04,13.15,1.26,11.03,3.62,2246.29,-114.29,SC,PNBHOUSING,1
https://www.screener.in/company/IIFL/consolidated/,508.8,34.44,16.88,30.16,1.67,21638.51,8.81,4.9,17.22,27.78,13.24,0.29,14.38,4.53,1444.82,-84.19,SC,IIFL,1
https://www.screener.in/company/BAYERCROP/,4791.2,50.21,32.12,149.17,6.89,21532.66,24.8,19.96,7.7,28.75,39,0.62,23.05,0.03,670.4,32.33,SC,BAYERCROP,1
https://www.screener.in/company/EMAMILTD/consolidated/,489.6,75.65,26.6,18.2,7.29,21371.04,32.42,30.18,2.14,1.29,31.78,1.13,30.91,0.02,794.26,85.89,SC,EMAMILTD,1
https://www.screener.in/company/KIOCL/,350.75,80.91,,-1.21,12.85,21316.87,-9.48,-11.27,-10.7,65.02,57.64,,2.31,0.11,-73.68,-228.48,SC,KIOCL,1
https://www.screener.in/company/WELCORP/consolidated/,802.65,23.91,13.64,73.77,2.58,21173.16,21.24,18.59,12.88,4.41,14.23,1.36,14.31,0.19,1948.22,71.43,SC,WELCORP,1
https://www.screener.in/company/HBLENGINE/consolidated/,762.6,47.13,25.85,28.72,10.65,21138.89,27.33,20.58,51.03,147.64,44.61,0.8,15.77,0.04,795.46,55.26,SC,HBLENGINE,1
https://www.screener.in/company/CUB/,284.1,14.08,16.8,16.92,2.12,21083.01,6.86,12.58,15.35,15.05,13.04,0.75,12.42,7.22,1254.63,22.49,SC,CUB,1
https://www.screener.in/company/EIHOTEL/consolidated/,330.25,71.39,27.19,10.29,4.39,20652.65,23.43,17.95,8.08,7.97,36.94,0.66,7.28,0.05,669.81,67.46,SC,EIHOTEL,1
https://www.screener.in/company/REDINGTON/consolidated/,262.75,27.46,14.65,22.57,2.28,20541.12,18.9,14.39,17.9,10.83,12.14,0.98,18.33,0.29,1914.31,12.32,SC,REDINGTON,1
https://www.screener.in/company/CREDITACC/,1270,41.42,41.9,30.34,2.84,20335.9,9.55,7.86,1.12,-44.93,25.85,0.19,13.58,2.81,485.3,41.27,SC,CREDITACC,1
https://www.screener.in/company/SUMICHEM/,407.05,63.37,37.46,10.64,6.36,20317.73,25.14,18.81,2.88,5.76,51.35,0.5,20.86,0.02,530.95,61.78,SC,SUMICHEM,1
https://www.screener.in/company/PFOCUS/consolidated/,261.8,11.54,77.23,-4.74,11.69,20315.43,7.95,-16.7,22.25,227.39,36.01,-0.22,-21.74,3.02,-67.89,29.41,SC,PFOCUS,1
https://www.screener.in/company/HATSUN/,911.75,65.13,52.75,17.29,10.92,20309.07,13.12,17.05,11.02,33.72,90.93,0.32,17.96,1.08,385.04,140.51,SC,HATSUN,1
https://www.screener.in/company/AADHARHFC/consolidated/,466.65,17.39,19.42,23.8,2.94,20243.1,11.42,16.86,18.67,19.97,21.82,0.87,16.41,2.55,1029.8,-127.57,SC,AADHARHFC,1
https://www.screener.in/company/KIRLOSENG/consolidated/,1379.9,5.08,36.9,37.64,5.95,20055.55,13.68,15.4,17.34,12.46,18.92,0.42,13.75,1.64,533.8,-60.96,SC,KIRLOSENG,1
https://www.screener.in/company/CESC/consolidated/,150.33,41.49,13.53,11.11,1.57,19927.3,11.23,11.34,11.14,5.52,8.59,0.84,12.48,1.48,1541,58.49,SC,CESC,1
https://www.screener.in/company/ERIS/consolidated/,1414.4,35.04,44.17,31.7,6.23,19592.73,12.22,12.88,12.37,34.54,29.26,0.29,18.16,0.77,470.75,103.04,SC,ERIS,1
https://www.screener.in/company/ATUL/consolidated/,6634.5,65.43,32.87,201.84,3.3,19533.13,12.81,9.1,13.31,42.9,41.32,0.28,11.46,0.03,608.4,58.1,SC,ATUL,1
https://www.screener.in/company/SUNDRMFAST/consolidated/,926.05,62.62,34.51,26.38,4.8,19458.94,17.14,14.93,3.99,2.86,41.91,0.43,16.5,0.18,555.98,43.49,SC,SUNDRMFAST,1
https://www.screener.in/company/SCHNEIDER/,811.7,29.97,74.17,10.25,29.49,19407.75,40.9,73.96,14.53,28.74,76.47,1,,0.8,245.2,75.49,SC,SCHNEIDER,1
https://www.screener.in/company/AVANTIFEED/consolidated/,1424.35,4.57,30.68,46.44,6.45,19406.15,23.99,19.53,8.54,31.42,20.74,0.64,16.11,0,675.14,76.26,SC,AVANTIFEED,1
https://www.screener.in/company/RBLBANK/,313.8,128.35,29.3,10.8,1.22,19381.93,6.04,4.57,1.35,-32.46,13.54,0.16,4.76,8.32,661.43,-9.95,SC,RBLBANK,1
https://www.screener.in/company/JSWHL/consolidated/,17421,59.35,133.57,128.67,0.58,19337.31,0.82,0.69,-28.44,-34.02,43.98,0.01,0.94,0,142.82,72.22,SC,JSWHL,1
https://www.screener.in/company/SAILIFE/consolidated/,914.85,7.51,56.98,15.88,8.51,19324.49,14.05,11.05,39.61,145.78,63.92,0.19,6.33,0.18,332.95,70.35,SC,SAILIFE,1
https://www.screener.in/company/ANANTRAJ/consolidated/,533.05,77.83,36.41,15.16,4.36,19183.24,11.17,10.89,22.61,36.77,45.38,0.3,6.06,0.13,527.1,18.16,SC,ANANTRAJ,1
https://www.screener.in/company/PSB/,26.97,455.06,15.78,1.71,1.37,19136.79,5.98,7.03,12.1,43.98,18.82,0.45,1.97,11.03,1212.88,-24.98,SC,PSB,1
https://www.screener.in/company/544467/consolidated/,954.4,49.31,51.18,18.65,8.81,19088,23.57,17.78,11.98,25.21,68.64,0.35,17.93,0.01,372.99,117.95,SC,544467,1
https://www.screener.in/company/INDIGRID/consolidated/,166.35,6.1,58.1,3.87,3.1,18931.94,7.51,6.6,4.53,-4.21,29.57,0.11,6.63,4.78,330.82,97.36,SC,INDIGRID,1
https://www.screener.in/company/JYOTICNC/consolidated/,827.6,81.77,53.11,15.58,10.28,18821.54,24.35,21.16,22.31,15.56,81.81,0.4,12.84,0.4,354.4,-20.86,SC,JYOTICNC,1
https://www.screener.in/company/CHALET/consolidated/,858.4,26.05,30.98,27.72,5.5,18795,11.13,5.77,69.35,499.73,74.76,0.19,4.3,0.73,605.86,124.49,SC,CHALET,1
https://www.screener.in/company/KPIL/consolidated/,1096.9,32.11,22.06,48.68,2.69,18732.04,15.95,9.96,24.56,61.83,23.02,0.45,10.51,0.69,818.2,43.84,SC,KPIL,1
https://www.screener.in/company/CUBEINVIT/consolidated/,139,5,933.2,0.15,1.76,18682.57,3.91,-0.68,20.37,-86.44,595.89,0,,1.68,20.02,127.02,SC,CUBEINVIT,1
https://www.screener.in/company/BRIGADE/consolidated/,762.95,90.46,24.61,30.51,2.88,18661.26,13.34,14.92,7.22,17.57,58.04,0.61,9.94,0.83,783.41,60.34,SC,BRIGADE,1
https://www.screener.in/company/GESHIP/consolidated/,1300.1,18.74,8.21,158.41,1.22,18561.16,13.86,14.09,-8.51,-4.9,7.32,1.72,16.64,0.08,2261.52,87.63,SC,GESHIP,1
https://www.screener.in/company/CPPLUS/consolidated/,1573.3,11.08,73.02,22.13,11.66,18533.17,19.49,20.87,11.84,13.6,90,0.29,28.52,0.08,253.8,10.52,SC,CPPLUS,1
https://www.screener.in/company/CRAFTSMAN/consolidated/,7729,6.35,52.48,140.15,6.09,18437.98,11.74,9.41,50.44,79.01,36.82,0.18,14.77,1.09,334.33,32.98,SC,CRAFTSMAN,1
https://www.screener.in/company/INOXWIND/consolidated/,106.38,142.87,36.63,3.17,2.76,18384.99,11.52,11.69,57.48,126.63,95.6,0.32,-9.86,0.17,534.95,15.3,SC,INOXWIND,1
https://www.screener.in/company/CASTROLIND/,185.2,53.56,18.95,9.6,9.64,18318.55,60.79,46.26,6.65,5.02,18.66,2.44,44.93,0.03,949.93,77.04,SC,CASTROLIND,1
https://www.screener.in/company/CHAMBLFERT/consolidated/,453.65,63.66,9.49,47.78,1.85,18175.59,26.76,19.78,21.48,18.48,11.09,2.08,21.11,0.01,1914.34,51.04,SC,CHAMBLFERT,1
https://www.screener.in/company/GMDCLTD/consolidated/,571.1,14.07,28.39,31.09,2.7,18160.98,14.06,10.87,-6.72,-1.11,12.47,0.38,12.72,0.04,988.8,107.63,SC,GMDCLTD,1
https://www.screener.in/company/GRINDWELL/consolidated/,1635.7,80.96,46.55,35.14,7.94,18110.47,20.9,16.04,5.28,5.49,62.08,0.34,18.4,0.04,390.29,81.42,SC,GRINDWELL,1
https://www.screener.in/company/FSL/consolidated/,254.15,66.36,25.57,8.91,4.12,17969.12,15.37,15.03,21.97,25.42,25.36,0.59,15.94,0.54,629.85,56.49,SC,FSL,1
https://www.screener.in/company/CAMS/,721.05,48.88,40.24,17.95,15.83,17873.99,54.75,43.94,8.34,2.85,44.37,1.09,43.5,0.06,444.19,69.86,SC,CAMS,1
https://www.screener.in/company/URBANCO/consolidated/,121.25,65.92,,,7.74,17728.94,2.37,15.52,38.22,358.39,33.48,,-16.04,0.06,,71.53,SC,URBANCO,1
https://www.screener.in/company/TATACHEM/consolidated/,695.25,94.13,65.11,7.06,0.79,17712.19,3.96,1.2,-1.33,-39.03,34.3,0.02,4.88,0.34,352,77.34,SC,TATACHEM,1
https://www.screener.in/company/SARDAEN/consolidated/,502.5,27.35,16.88,29.97,2.53,17707.16,15.27,13.44,32.2,52.78,11.72,0.8,17.94,0.38,1054.69,63.83,SC,SARDAEN,1
https://www.screener.in/company/NETWEB/,3097.3,44.64,99.17,31.39,30.33,17636.24,32.45,23.93,82.4,76.42,132.04,0.24,31.29,0.03,177.83,-7.83,SC,NETWEB,1
https://www.screener.in/company/PGEL/consolidated/,615.45,71.41,63.41,9.76,6.05,17559.94,19.36,14.89,35.8,30.55,58.26,0.23,15.92,0.2,276.93,-14.75,SC,PGEL,1
https://www.screener.in/company/SYNGENE/consolidated/,434.35,121.16,42.76,8.74,3.7,17501.67,13.52,10.53,5.05,-14.3,57.5,0.25,12.97,0.12,352.1,104.58,SC,SYNGENE,1
https://www.screener.in/company/GSPL/consolidated/,309.95,51.54,16.62,18.65,1.46,17487.73,15.16,9.89,-7.5,-21.24,10.43,0.6,17.81,0.01,1585.18,91.37,SC,GSPL,1
https://www.screener.in/company/VENTIVE/consolidated/,748.45,12.87,53.66,13.87,3.51,17479.42,11.73,4.75,130.87,684.85,130.53,0.09,,0.52,393.79,83.56,SC,VENTIVE,1
https://www.screener.in/company/ECLERX/consolidated/,3666.1,36.25,26.11,140.4,6.66,17469.1,27.97,22.8,20.84,28.79,22.81,0.87,24.7,0.15,669.33,75.61,SC,ECLERX,1
https://www.screener.in/company/DCMSHRIRAM/consolidated/,1114.4,34.81,24.88,42.48,2.41,17378.21,11.37,8.66,13.98,28.62,21.45,0.35,12.7,0.3,664.09,78.05,SC,DCMSHRIRAM,1
https://www.screener.in/company/GPIL/consolidated/,258.65,12.12,23.4,11.08,3.31,17359.76,23.25,17.23,-3.66,-8.23,10.97,0.74,27.02,0.04,743.18,68.87,SC,GPIL,1
https://www.screener.in/company/CROMPTON/consolidated/,267.52,91.69,35.2,7.16,5.07,17226.01,19.01,17.4,1.4,-6.76,41.15,0.49,21.2,0.05,472.06,77.05,SC,CROMPTON,1
https://www.screener.in/company/RPOWER/consolidated/,41.29,808.06,57.01,0.74,1.03,17076.6,6.15,-1.08,-0.03,115.29,17.79,-0.02,-7.09,0.92,299.52,68.87,SC,RPOWER,1
https://www.screener.in/company/CGCL/consolidated/,177.24,63.28,20.2,9.08,2.56,17053.22,11.18,11.76,46.41,120.17,60.4,0.58,9.63,2.52,844.08,-214.64,SC,CGCL,1
https://www.screener.in/company/CENTURYPLY/consolidated/,765.6,22.6,70.14,10.67,6.9,17009.56,10.38,8.47,16.24,10.91,46.85,0.12,16.37,0.67,242.08,-0.55,SC,CENTURYPLY,1
https://www.screener.in/company/JKTYRE/consolidated/,587.95,4.07,23.24,25.06,3.23,16949.98,12.78,11.07,8.4,20.42,15.25,0.48,12.54,0.92,696.6,42.68,SC,JKTYRE,1
https://www.screener.in/company/IFCI/consolidated/,62.87,92.78,42.4,1.47,1.91,16939.15,8.08,2.6,-2.8,427.01,100.9,0.06,-17.01,0.4,661.11,-71.79,SC,IFCI,1
https://www.screener.in/company/SYRMA/consolidated/,872.8,4.25,59.15,15.12,5.99,16830.24,11.67,9.45,6.83,101.93,67.17,0.16,9.79,0.12,298.04,49.72,SC,SYRMA,1
https://www.screener.in/company/CHOICEIN/consolidated/,753.85,14.15,80.32,10.03,13.72,16794.01,19.95,19.61,22.19,45.86,54.89,0.24,17.65,0.4,223.55,-99.5,SC,CHOICEIN,1
https://www.screener.in/company/NEULANDLAB/consolidated/,13056,51.26,93.51,139.62,10.34,16750.7,18.66,14.83,2.71,-25.35,29.07,0.16,16.11,0.16,179.13,90.4,SC,NEULANDLAB,1
https://www.screener.in/company/KFINTECH/consolidated/,968.1,69.54,47.25,20.18,11.41,16696.08,32.75,24.97,19.34,9.73,51.01,0.53,21.58,0.03,347.61,80.2,SC,KFINTECH,1
https://www.screener.in/company/BELRISE/consolidated/,186.71,3.9,34.53,5.81,3.34,16614.93,14.3,14.09,22.38,79.81,26.51,0.41,,0.29,476.65,65.09,SC,BELRISE,1
https://www.screener.in/company/ACUTAAS/consolidated/,2017.6,5.08,57.56,35.05,11.68,16518.32,19.92,16,31.6,135.98,57.56,0.28,16.05,0.01,284.8,47.53,SC,ACUTAAS,1
https://www.screener.in/company/TBOTEK/consolidated/,1520.5,31.6,70.66,22.39,11.91,16510.77,26.68,24.62,39.08,9,78.94,0.35,28.42,0.52,243.12,84.79,SC,TBOTEK,1
https://www.screener.in/company/BHARATCOAL/,35.25,28.26,20.81,266.31,,16415.93,28.92,20.99,-3.11,-20.41,0.14,1.01,11.64,0.04,1240.19,33.87,SC,BHARATCOAL,1
https://www.screener.in/company/CIEINDIA/consolidated/,430.65,45.93,20.4,21.32,2.36,16344.78,16.59,13.15,0.32,-2.09,22.75,0.64,8.81,0.07,808.85,59.07,SC,CIEINDIA,1
https://www.screener.in/company/SOBHA/consolidated/,1524.9,42.85,114.48,13.32,3.54,16306.18,6.44,2.68,24.78,134.01,93.5,0.02,3.43,0.23,142.44,47.79,SC,SOBHA,1
https://www.screener.in/company/JSWCEMENT/consolidated/,119.43,35.81,50.64,-11.3,2.69,16282.67,4.64,-4.81,-3.6,-228.09,47.61,-0.09,5.95,0.75,-1144.22,102.57,SC,JSWCEMENT,1
https://www.screener.in/company/DEVYANI/consolidated/,132.02,72.51,,-0.35,10.48,16276.38,6.42,0.54,12.57,-188.82,114.98,,,2.15,-49.47,102.72,SC,DEVYANI,1
https://www.screener.in/company/LMW/consolidated/,15177,26.51,133.62,107.53,5.73,16213.59,4.48,3.04,-3.18,0.48,68.74,0.02,9.43,0,114.87,12.34,SC,LMW,1
https://www.screener.in/company/AARTIIND/consolidated/,446.4,137.64,43.63,10.43,2.83,16186.21,6.32,6.03,13.35,1.64,43.06,0.14,13.33,0.7,378,122.44,SC,AARTIIND,1
https://www.screener.in/company/KANSAINER/consolidated/,200.03,126.63,26.18,7.24,2.5,16172.92,13.03,10.41,1.79,-5.87,48.16,0.4,11.19,0.04,568.38,65.86,SC,KANSAINER,1
https://www.screener.in/company/VERTIS/consolidated/,107,2.9,26.65,3.73,2.31,16156.83,9.51,8.64,25.01,71.5,23.57,0.32,,1.6,602.55,76.38,SC,VERTIS,1
https://www.screener.in/company/ELGIEQUIP/consolidated/,509.55,56.81,38.92,12.75,8.04,16148.1,21.91,20.06,13.23,27.92,54.02,0.52,19.56,0.26,404.2,66.25,SC,ELGIEQUIP,1
https://www.screener.in/company/EIDPARRY/consolidated/,907.15,37.44,15.31,66.88,1.87,16135.72,16.59,9.54,23.46,29.79,12.79,0.62,13.61,0.31,2207.06,67.16,SC,EIDPARRY,1
https://www.screener.in/company/CEATLTD/consolidated/,3965.3,11.92,25.75,136.87,3.51,16039.67,15.4,11.77,16.35,20.9,21.83,0.46,10.98,0.68,552.12,72.11,SC,CEATLTD,1
https://www.screener.in/company/BIKAJI/consolidated/,639.75,57.55,64.23,9.84,10.7,16031.67,18.16,15.48,9.98,-8.31,75.8,0.24,16.96,0.21,238.46,53.37,SC,BIKAJI,1
https://www.screener.in/company/KEC/consolidated/,601.95,118.17,22.02,25.58,2.84,16023.91,17.98,12.02,13.47,60.22,40.59,0.55,10.52,0.94,681.01,24.02,SC,KEC,1
https://www.screener.in/company/id/1285764/consolidated/,,,29.02,13.68,,16023.09,57.3,42.63,-10.56,32.38,,1.47,,0.01,553.14,65.68,SC,id,1
https://www.screener.in/company/RRKABEL/consolidated/,1403.9,35.57,33.96,40.1,6.79,15878.26,19.77,15.22,25.46,79.01,51.34,0.45,15.93,0.17,453.41,93.56,SC,RRKABEL,1
https://www.screener.in/company/BASF/,3653.6,139.49,40.94,92.51,4.15,15814.84,18.02,13.73,-3.21,-36.15,34.05,0.34,18.29,0.04,400.44,47.1,SC,BASF,1
https://www.screener.in/company/RATNAMANI/consolidated/,2251,76.74,26.46,83.47,4.08,15777.71,21.51,16.01,3.17,12.71,35.54,0.61,17.96,0.06,621.71,60.85,SC,RATNAMANI,1
https://www.screener.in/company/CARBORUNIV/consolidated/,825.5,123.03,65.12,12.68,4.2,15722.85,16.12,10.85,3.01,-46.1,51.61,0.17,14.09,0.08,237.91,37.9,SC,CARBORUNIV,1
https://www.screener.in/company/NAVA/consolidated/,554.45,32.62,17.53,31.59,1.94,15691.01,17.17,15.03,7.12,-15.91,6.35,0.86,14.73,0.2,1205.14,108.57,SC,NAVA,1
https://www.screener.in/company/TRITURBINE/consolidated/,490.7,80.35,44.24,10.75,12,15598.88,41.36,30.59,5.9,3.91,54.44,0.69,23.89,0.03,342.1,38.42,SC,TRITURBINE,1
https://www.screener.in/company/INTELLECT/consolidated/,1119.95,12.06,38.68,28.95,5.27,15560.07,16.76,12.73,15.87,35.45,32.69,0.33,15.87,0.03,402.82,70.99,SC,INTELLECT,1
https://www.screener.in/company/WHIRLPOOL/consolidated/,1225.25,127.46,45.87,27.6,3.81,15549.4,12.63,9.26,4.14,7.87,77.19,0.2,8.65,0.02,351.88,77.12,SC,WHIRLPOOL,1
https://www.screener.in/company/VINATIORGA/,1498.7,58.6,32.51,46.09,5.23,15536.37,20.61,15.75,5.4,21.85,51.46,0.48,17.52,0,477.84,78.38,SC,VINATIORGA,1
https://www.screener.in/company/DATAPATTNS/,2768.8,32.01,62.15,44.13,10.08,15500.84,21,15.18,97.43,39.46,68.36,0.24,16.21,0,247.07,-28.78,SC,DATAPATTNS,1
https://www.screener.in/company/ABREL/consolidated/,1386.8,126.56,,-21.94,4.1,15489.96,-0.16,-2.45,-56.09,-20588.58,108.81,,1.5,1.45,-255.41,-2516.91,SC,ABREL,1
https://www.screener.in/company/TRAVELFOOD/consolidated/,1170.7,23.43,36.44,32.13,13.01,15415.72,41.69,39.1,20.87,33.28,45.47,1.07,26.05,0.24,436.27,76.22,SC,TRAVELFOOD,1
https://www.screener.in/company/ARE&M/,841.55,111.03,20.4,44.52,1.98,15402.5,16.75,12.34,6.83,-20.32,18.25,0.6,13.83,0.04,814.91,80.36,SC,ARE&M,1
https://www.screener.in/company/MAHSCOOTER/,13474,37.58,49.58,313.41,0.47,15398.85,0.59,0.61,72.32,75.56,44.11,0.01,0.69,0,358.18,91.43,SC,MAHSCOOTER,1
https://www.screener.in/company/MANYAVAR/,629.35,140.25,39.64,15.87,8.88,15277.89,25.93,22.26,5.77,-4.33,73.77,0.56,24.58,0.27,385.43,54.54,SC,MANYAVAR,1
https://www.screener.in/company/CARTRADE/consolidated/,3185.3,0.78,81.41,39.39,6.51,15228.06,7.59,6.24,22.87,102.13,58.88,0.08,1.44,0.06,202.77,77.67,SC,CARTRADE,1
https://www.screener.in/company/ANURAS/consolidated/,1336.4,5.28,88.44,15.36,4.76,15214.69,7.33,3.32,66.49,115.89,67.04,0.04,6.14,0.38,229.13,-7.31,SC,ANURAS,1
https://www.screener.in/company/TARIL/consolidated/,505.7,28.58,58.61,8.71,12.12,15179.39,27.97,23.45,52.4,235.45,60.37,0.4,13.02,0.23,263.06,43.62,SC,TARIL,1
https://www.screener.in/company/APLLTD/consolidated/,769.9,69.36,22.81,32,2.84,15133.39,13.05,11.38,13.2,11.55,29.9,0.5,13.45,0.28,625.92,8.4,SC,APLLTD,1
https://www.screener.in/company/LTFOODS/consolidated/,434.8,19.26,23.22,18.72,3.61,15098.56,19.18,16.7,20.4,9.54,11.92,0.72,17.21,0.43,650.22,42.33,SC,LTFOODS,1
https://www.screener.in/company/id/1285761/consolidated/,,,40.72,,,15023.89,28.01,104.58,145.35,1178.38,,2.57,,3.85,369.01,82.21,SC,id,1
https://www.screener.in/company/KAJARIACER/consolidated/,939.95,67.96,34.63,23.37,5.11,14970.8,17.13,11.22,0.86,17.49,49.3,0.32,15.75,0.1,373.62,73.78,SC,KAJARIACER,1
https://www.screener.in/company/THELEELA/consolidated/,445.25,6.68,41.97,11.18,2.42,14869.47,11.98,13.14,11.02,2179.65,231.24,0.31,,0.28,348.74,78.83,SC,THELEELA,1
https://www.screener.in/company/ABDL/consolidated/,529.15,36.06,55.19,9.51,9.5,14800.86,21.08,19.96,13.95,135.63,77.14,0.36,7.95,0.68,261.11,-150.22,SC,ABDL,1
https://www.screener.in/company/VTL/consolidated/,510.55,16,18.51,27.59,1.45,14767.01,10.83,8.95,1.48,-5.75,15.3,0.48,10.61,0.15,801.82,102.61,SC,VTL,1
https://www.screener.in/company/NATCOPHARM/consolidated/,823.85,98.94,9.48,86.94,1.71,14755.97,32.78,28,6.63,-16.51,18.62,2.95,18.26,0.03,1555.5,66.56,SC,NATCOPHARM,1
https://www.screener.in/company/SIGNATURE/consolidated/,1040.55,58.28,4403.87,0.24,20.11,14620.84,5.42,14.72,-24.81,-95.91,202.87,0,,3.56,3.37,275.86,SC,SIGNATURE,1
https://www.screener.in/company/EMMVEE/consolidated/,210.29,18.12,27.3,68.39,15.22,14559.32,28.01,104.58,145.35,1178.38,2.96,3.83,39.36,2.15,369.01,82.21,SC,EMMVEE,1
https://www.screener.in/company/JUBLPHARMA/consolidated/,913,43.47,31.51,27.16,2.21,14544.09,9.54,9.55,12.09,38.21,36.44,0.3,5.62,0.44,429.5,87.16,SC,JUBLPHARMA,1
https://www.screener.in/company/BEML/consolidated/,1735.9,58.11,58.04,29.9,5.16,14458.14,15.56,10.46,8.38,-4.84,50.87,0.18,7.52,0.24,249.09,34.76,SC,BEML,1
https://www.screener.in/company/AGARWALEYE/consolidated/,455.05,24.82,113.12,3.99,7.46,14416.33,9.99,4.76,23.54,42.16,137.24,0.04,6.37,0.51,160.73,73.22,SC,AGARWALEYE,1
https://www.screener.in/company/CANHLIFE/,151.61,4.08,125.16,1.23,9.17,14402.95,8.73,7.95,-9.56,3.05,101.97,0.06,6.36,0,116.98,805.69,SC,CANHLIFE,1
https://www.screener.in/company/IRCON/consolidated/,152.89,130,23.39,6.54,2.23,14379.55,11.6,11.33,-16.53,-19.48,13.66,0.48,13.16,0.8,612.24,-90.37,SC,IRCON,1
https://www.screener.in/company/DOMS/consolidated/,2365.7,31.67,64.7,36.56,13.06,14357.04,26.18,22.29,23.43,11.46,72.79,0.34,20.21,0.15,232.65,49.37,SC,DOMS,1
https://www.screener.in/company/MINDACORP/consolidated/,598,9.18,49.27,12.03,5.86,14296.95,12.66,12.11,17.23,5.87,36.53,0.25,13.48,0.63,286.25,90,SC,MINDACORP,1
https://www.screener.in/company/GABRIEL/,989.6,40.26,57.67,16.43,11.5,14215,26.14,19.35,13.5,17.07,29.68,0.34,15.83,0.02,236.01,41.99,SC,GABRIEL,1
https://www.screener.in/company/VGUARD/,324.4,78.01,55.46,5.55,6.83,14168.32,17.23,13.58,7.75,-2.24,59.71,0.24,14.65,0.03,242.08,102.1,SC,VGUARD,1
https://www.screener.in/company/CEMPRO/consolidated/,821.95,14.85,31.71,25.93,6.9,14124.38,27.64,21.78,9.2,30.96,25.91,0.69,13.12,0.48,445.85,22.31,SC,CEMPRO,1
https://www.screener.in/company/FIRSTCRY/consolidated/,269.8,172.15,,-3.58,2.95,14084.69,-0.4,-4.07,12.43,-7.28,,,-4.59,0.35,-267.28,-21.93,SC,FIRSTCRY,1
https://www.screener.in/company/NIVABUPA/,76.24,43.51,,-0.03,,14083.04,7.45,8.18,24.07,-105.03,148.67,,0.91,,-8.27,708.66,SC,NIVABUPA,1
https://www.screener.in/company/IGIL/consolidated/,324.5,97.94,26.38,12.3,9.95,14023.58,53.62,43,16.71,24.41,30.05,1.63,,0.1,531.6,64.12,SC,IGIL,1
https://www.screener.in/company/SANSERA/consolidated/,2248.9,0.94,51.13,42.22,4.86,13993.62,13.38,10.5,10.06,35.52,32.21,0.21,12.7,0.15,263.01,70.12,SC,SANSERA,1
https://www.screener.in/company/504346/,10238,16.25,,-6.73,1491.79,13948.25,80.21,208.63,-103.16,-190.43,43.46,,,1.56,-9.17,-160.65,SC,504346,1
https://www.screener.in/company/BLUEDART/consolidated/,5811.5,65.88,47.44,106.92,8.45,13790.69,16.33,16.19,7.09,5.7,51.17,0.34,27.89,0.66,253.69,82.26,SC,BLUEDART,1
https://www.screener.in/company/AAVAS/,1740,91.95,22.84,76.21,2.95,13778.26,10.09,14.11,16.18,13.12,30.11,0.62,13.82,3.08,603.26,-93.47,SC,AAVAS,1
https://www.screener.in/company/CELLO/consolidated/,623.8,64.32,41.32,15.09,6.01,13772.05,23.72,20.43,11.42,-1.36,51.93,0.49,,0,360.63,47.18,SC,CELLO,1
https://www.screener.in/company/ABLBL/consolidated/,112.67,56.3,77.84,,10.49,13751.48,,9.78,,,,0.13,,2.67,145.16,88.43,SC,ABLBL,1
https://www.screener.in/company/UTIAMC/,1069.35,39.8,19.26,49.15,3.87,13743.19,23.72,17.5,7.35,4.79,22.95,0.91,15.03,0,630.04,53.81,SC,UTIAMC,1
https://www.screener.in/company/NEWGEN/consolidated/,964.3,86.55,41.75,23.27,8.58,13725.1,27.97,22.5,11.47,12.79,30.17,0.54,21.69,0.03,328.8,49.94,SC,NEWGEN,1
https://www.screener.in/company/JBMA/consolidated/,579.85,109.4,63.27,8.92,9.67,13713.12,14.2,16.07,10.71,13.29,71.79,0.25,14.52,2.24,226.28,56.64,SC,JBMA,1
https://www.screener.in/company/INDIACEM/consolidated/,442.35,10.69,,-3.62,1.36,13708.3,-5.49,-8.83,5.42,92.44,34.45,,-3.25,0.13,-108.74,85.97,SC,INDIACEM,1
https://www.screener.in/company/GRANULES/consolidated/,562.35,28.84,25.11,22.48,3.43,13646.48,15.14,13.86,14.18,13.42,18.81,0.55,17.44,0.45,545.49,90.21,SC,GRANULES,1
https://www.screener.in/company/OLAELEC/consolidated/,30.89,409.97,,-4.99,3.14,13625.05,-28.09,-107.52,-52.75,-22.46,,,,0.72,-2203,181.14,SC,OLAELEC,1
https://www.screener.in/company/ACMESOLAR/consolidated/,224.64,44.36,27.13,7.98,2.85,13612.55,8.42,7.57,61.73,318.98,55.61,0.28,0.56,2.72,481.65,109.65,SC,ACMESOLAR,1
https://www.screener.in/company/TRIDENT/consolidated/,26.68,165.74,33.29,0.8,2.94,13596.01,9.48,8.23,1.88,39.27,36.29,0.25,11.9,0.35,408.55,97.57,SC,TRIDENT,1
https://www.screener.in/company/SHRIPISTON/consolidated/,3084,10.78,24.2,123.29,5.15,13584.97,25.7,23.2,16.81,17.02,17.08,0.96,19.5,0.2,554.2,52.45,SC,SHRIPISTON,1
https://www.screener.in/company/ONESOURCE/consolidated/,1185.2,89.81,444.39,1.77,2.3,13584.9,5.52,3.34,29.97,156.58,144.23,0.01,-18.62,0.22,20.1,-14.01,SC,ONESOURCE,1
https://www.screener.in/company/SWANENERGY/consolidated/,433.35,86.87,22.07,20.27,1.85,13583.65,14.29,11.11,-6.45,68.53,55.81,0.5,5.36,0.38,633.72,-29.3,SC,SWANENERGY,1
https://www.screener.in/company/FINEORG/consolidated/,4422.9,65.7,34.64,129.39,5.47,13560.6,26.39,19.47,6.25,-8.6,35.08,0.56,27.54,0.01,396.7,33.46,SC,FINEORG,1
https://www.screener.in/company/WELSPUNLIV/consolidated/,141.16,50.96,58.07,2.42,2.81,13539.4,14.41,13.66,-8.26,-64.32,21.44,0.24,13.18,0.56,239.53,47.47,SC,WELSPUNLIV,1
https://www.screener.in/company/BLS/consolidated/,326.35,60.04,22.33,14.62,6.31,13443.16,33.62,34.31,41.61,44.13,36.95,1.54,28.66,0.19,639.81,114.51,SC,BLS,1
https://www.screener.in/company/AKZOINDIA/,2950.9,58.39,35.7,429.36,5.96,13438.49,41.66,32.23,-6.99,-12.44,33.84,0.9,26.11,0.03,1955.3,46.5,SC,AKZOINDIA,1
https://www.screener.in/company/BATAINDIA/consolidated/,1045.7,116.31,72.23,13.27,8.81,13436.96,15.14,15.59,-0.95,-23.33,69.25,0.22,10.6,0.9,170.52,90.17,SC,BATAINDIA,1
https://www.screener.in/company/IWEL/consolidated/,11119,25.91,93.74,115.84,4.4,13408.31,11.44,5.84,103.7,310.9,126.81,0.06,,0.49,425.11,-40.72,SC,IWEL,0
https://www.screener.in/company/GALLANTT/consolidated/,555.35,44.46,27.95,19.87,4.32,13399.54,19.2,15.11,-2.54,26.23,13.63,0.54,11.07,0.21,479.44,81.67,SC,GALLANTT,1
https://www.screener.in/company/ZENSARTECH/consolidated/,588.35,67.42,17.62,32.58,3.13,13380.87,21.28,16.43,8.63,17.45,24.43,0.93,15.96,0.03,740.4,59.67,SC,ZENSARTECH,1
https://www.screener.in/company/CCL/consolidated/,994,8.09,35.35,28.12,6.36,13272.68,13.14,17.05,35.78,37.19,30.52,0.48,17.69,0.78,375.45,51.41,SC,CCL,1
https://www.screener.in/company/KSB/consolidated/,760.55,39.37,50.44,15.09,8.63,13244.35,23.82,17.72,9.5,14.52,41.76,0.35,16.01,0,262.6,48.35,SC,KSB,1
https://www.screener.in/company/INDIAMART/consolidated/,2200,126.18,21.85,100.77,6.18,13219.17,34.24,26.92,12.74,28.83,51.2,1.23,20.24,0.01,605.1,86.93,SC,INDIAMART,1
https://www.screener.in/company/ITDCEM/consolidated/,768.4,22.85,32.21,23.86,7.2,13200.16,27.64,21.78,11.99,27.39,25.55,0.68,13.12,0.52,410.35,22.31,SC,ITDCEM,1
https://www.screener.in/company/JAINREC/,382.5,20.52,38.7,10.11,9.77,13199.53,27.2,38.98,47.8,40.43,24.39,1.01,,0.9,341.03,7.3,SC,JAINREC,1
https://www.screener.in/company/CAPLIPOINT/consolidated/,1731.2,52.55,21.44,80.74,4.17,13159.14,25.85,22.66,10.66,19.09,22.23,1.06,24.56,0,622.13,58.18,SC,CAPLIPOINT,1
https://www.screener.in/company/CHENNPETRO/consolidated/,879,45.05,6.09,144.42,1.48,13089.31,4.3,2.51,7.1,478.11,4.51,0.41,32.82,0.22,2150.61,122.94,SC,CHENNPETRO,1
https://www.screener.in/company/POLYMED/consolidated/,1289.2,160.46,37.06,34.31,4.48,13067.27,20.08,15.77,10.86,11.91,61.02,0.43,16.35,0.08,347.52,44.24,SC,POLYMED,1
https://www.screener.in/company/JMFINANCIL/consolidated/,136.5,46.37,10.34,13.03,1.27,13054.37,9.39,9.01,-10.54,98.59,12.53,0.87,8.27,1.1,1274.14,235.49,SC,JMFINANCIL,1
https://www.screener.in/company/TDPOWERSYS/consolidated/,834.45,6.53,59.36,14.06,13.56,13035.35,30.35,22.31,35.23,45.84,35.95,0.38,16.71,0.04,219.6,15.25,SC,TDPOWERSYS,1
https://www.screener.in/company/DEEPAKFERT/consolidated/,1030.8,72.55,14.87,69.32,2,13012.6,15.67,15.56,15.15,-0.72,11.94,1.05,16.73,0.68,877.23,94.88,SC,DEEPAKFERT,1
https://www.screener.in/company/FIVESTAR/,440,114.49,11.69,37.65,1.9,12960.91,16.34,18.65,16.28,7.69,25.87,1.6,16.89,1.23,1108.6,-48.99,SC,FIVESTAR,1
https://www.screener.in/company/ZYDUSWELL/consolidated/,407.3,30.35,53.9,6.51,2.27,12958.69,6.16,6.02,31.45,-24.89,35.87,0.11,6.09,0.53,207.1,99.01,SC,ZYDUSWELL,1
https://www.screener.in/company/RUBICON/consolidated/,784.55,13.18,76.74,8.72,19.96,12925.49,26.05,28.88,50.4,46.92,83.26,0.38,9.53,0.88,134.36,59.63,SC,RUBICON,1
https://www.screener.in/company/CYIENT/consolidated/,1154,113.08,22.76,51.69,2.3,12837.43,16.58,12.81,1.68,-18.78,24.36,0.56,15.63,0.08,614.4,64.19,SC,CYIENT,1
https://www.screener.in/company/AETHER/consolidated/,966.9,25.22,57.34,16.27,5.51,12827.19,10.18,7.8,52.73,93.23,89.67,0.14,,0.09,215.76,35.39,SC,AETHER,1
https://www.screener.in/company/SWANCORP/consolidated/,408.65,98.16,,-0.39,1.73,12809.42,-1.44,-4.47,-20.49,-101.43,49.27,,-1.98,0.34,-2.41,2609.08,SC,SWANCORP,1
https://www.screener.in/company/KIRLOSBROS/consolidated/,1604.6,67.31,30.8,50.26,5.77,12741.96,27.59,21.62,-0.69,-4.88,25.2,0.7,17.89,0.1,402.9,57.65,SC,KIRLOSBROS,1
https://www.screener.in/company/PARADEEP/consolidated/,122.75,90.95,12.33,11.79,1.98,12741.07,13.72,14.14,44.91,110.15,18.75,1.15,11.47,0.87,1000.78,102.64,SC,PARADEEP,1
https://www.screener.in/company/PRIVISCL/consolidated/,3236.9,6.29,47.33,68.24,10.21,12628.91,16.42,18.36,24.25,96.45,56.69,0.39,11.92,0.86,256.21,58.87,SC,PRIVISCL,1
https://www.screener.in/company/GRAPHITE/consolidated/,645.9,74.49,36.3,16.84,2.14,12619.31,10.11,8,3.37,-18.77,28.22,0.22,4.83,0.05,325,72.74,SC,GRAPHITE,1
https://www.screener.in/company/JWL/,293.75,154.67,52.04,5.67,4.49,12554.01,21.49,16.96,-27.26,-36.51,42.87,0.33,18.02,0.21,241.22,34.57,SC,JWL,1
https://www.screener.in/company/GODREJAGRO/consolidated/,651.2,34.8,27.16,22.81,6.92,12524.46,16.59,17.68,6.93,10.84,29.45,0.65,15.71,1.19,409,105.64,SC,GODREJAGRO,1
https://www.screener.in/company/BBTC/consolidated/,1791.9,66.02,11.54,158.71,2,12502.43,35.52,21.94,7.24,-3.62,20.1,1.9,-9.05,0.39,2303.23,64.15,SC,BBTC,1
https://www.screener.in/company/APTUS/consolidated/,249.6,60.94,14.06,17.77,2.68,12498.29,15.05,18.58,28.1,25.52,25.48,1.32,16.67,1.57,889.02,-91.92,SC,APTUS,1
https://www.screener.in/company/USHAMART/consolidated/,408.9,21.67,27.85,13.76,4.2,12460.89,18.75,15.83,5.89,8.41,22.58,0.57,16.77,0.09,419.19,64.63,SC,USHAMART,1
https://www.screener.in/company/FINCABLES/consolidated/,810.8,109.67,18.21,44.53,2.17,12400.32,17.67,13.44,16.37,-2.04,19.71,0.74,13.96,0,681,21.32,SC,FINCABLES,1
https://www.screener.in/company/CONCORDBIO/,1184.4,124.92,39.01,30.13,6.79,12390.74,28.35,21.35,6.42,-3.23,52.42,0.55,20.77,0,315.19,46.2,SC,CONCORDBIO,1
https://www.screener.in/company/INDGN/consolidated/,514,43.31,27.7,18.58,4.31,12348.03,24.8,20.59,12.23,20.06,35.64,0.74,28.05,0.04,445.8,67.47,SC,INDGN,1
https://www.screener.in/company/IEX/consolidated/,138.35,130.37,26.34,5.25,10.85,12339.22,53.38,40.71,14.1,19.12,42.19,1.55,41.21,0.01,468.45,72.61,SC,IEX,1
https://www.screener.in/company/LEMONTREE/consolidated/,155.25,16.38,55.97,2.78,9.94,12317.73,12.98,18.45,15.89,44.94,71.97,0.33,5.27,1.67,278.01,83.75,SC,LEMONTREE,1
https://www.screener.in/company/SCI/consolidated/,264.43,45.52,10.87,24.33,1.44,12317.15,9.81,10.53,-1.78,17.37,7.68,0.97,9.8,0.33,1133.44,42.88,SC,SCI,1
https://www.screener.in/company/TEGA/consolidated/,1638,42.18,60.95,30.01,8.34,12305.92,17.8,15.47,5.7,7.57,39.35,0.25,18.5,0.21,201.9,50.2,SC,TEGA,1
https://www.screener.in/company/JPPOWER/consolidated/,17.94,702.68,16.56,1.08,0.96,12295.11,10.26,6.85,-17.7,-54.75,21.06,0.41,4.78,0.28,742.58,81.64,SC,JPPOWER,1
https://www.screener.in/company/HOMEFIRST/,1179.3,28.81,24.77,49.36,3.05,12276,11.35,16.46,28,37.35,30.5,0.66,13.95,2.4,495.63,-177.89,SC,HOMEFIRST,1
https://www.screener.in/company/HAPPYFORGE/,1299.8,3.02,42.89,30.32,6.26,12260.74,19.17,15.46,5.3,7.62,37.7,0.36,18.1,0.1,285.85,65.79,SC,HAPPYFORGE,1
https://www.screener.in/company/AFCONS/,332.25,71.56,20.73,14.36,2.48,12219.64,22.53,14.91,-2.3,9.08,26.65,0.72,15.13,0.73,528.28,-6.05,SC,AFCONS,1
https://www.screener.in/company/GRAVITA/consolidated/,1653.6,63.28,31.95,51.76,5.4,12204.97,21.5,21.17,11.76,33.47,23.94,0.66,29.43,0.2,381.44,65.1,SC,GRAVITA,1
https://www.screener.in/company/TECHNOE/consolidated/,1048.8,74,26.02,42.48,3.13,12197.5,16.54,12.81,61.55,46.05,31.61,0.49,12.23,0.02,494,90.71,SC,TECHNOE,1
https://www.screener.in/company/MGL/,1232,61.41,12.28,100.27,1.96,12168.43,22.89,17.72,19.06,-14.13,12.84,1.44,20.82,0.03,990.49,85.33,SC,MGL,1
https://www.screener.in/company/JINDALSAW/consolidated/,190.18,101.84,10.81,17.59,1.01,12162.17,19.37,16.31,-13.67,-42.28,10.09,1.51,11.63,0.43,888.57,64.89,SC,JINDALSAW,1
https://www.screener.in/company/NUVOCO/consolidated/,340.1,69.92,31.62,10.76,1.32,12146.88,3.93,0.24,8.06,986.23,88.7,0.01,1.46,0.63,384.5,95.64,SC,NUVOCO,1
https://www.screener.in/company/WAAREERTL/consolidated/,1164.7,160.82,34.38,33.58,18.45,12143.14,82.31,65.56,63.06,78.88,49.96,1.91,69.96,0.12,349.99,93.74,SC,WAAREERTL,1
https://www.screener.in/company/ELECON/consolidated/,540.4,36.77,26.99,23.05,5.4,12127.73,28.46,22.96,23.55,26.51,26.85,0.85,19.23,0.11,517.18,70.96,SC,ELECON,1
https://www.screener.in/company/SKFINDUS/,2453.1,14.14,99.97,121310,,12127.63,,,,,0.02,,,,121.31,0,SC,SKFINDUS,1
https://www.screener.in/company/IXIGO/consolidated/,277.7,22.13,251.71,1.24,17.1,12119.84,12.62,9.74,55.18,-23.99,120.74,0.04,,0.06,47.79,145.35,SC,IXIGO,1
https://www.screener.in/company/COHANCE/consolidated/,315.6,330.93,40.15,8.9,3.19,12073.82,14.89,12.67,23.2,-28.45,35.49,0.32,21.47,0.12,258.96,73.34,SC,COHANCE,1
https://www.screener.in/company/RAINBOW/consolidated/,1186.1,44.14,46.76,25.37,7.94,12045.93,18.69,17.43,8.5,8.22,53.9,0.37,19.58,0.54,259.89,73.64,SC,RAINBOW,1
https://www.screener.in/company/SHAILY/consolidated/,2617.5,2.01,82.3,31.81,18.93,12029.71,19.52,18.49,31.18,99.7,50.28,0.22,,0.3,146.16,61.41,SC,SHAILY,1
https://www.screener.in/company/TSFINV/consolidated/,540.75,29.73,25.46,21.24,2.03,12010.27,2.27,7.93,61.85,-17.39,12.54,0.31,8.21,0.05,474.09,155.32,SC,TSFINV,1
https://www.screener.in/company/SAMMAANCAP/consolidated/,144.03,791.18,9.32,15.46,0.53,11935.24,3.65,-8.66,0.74,170.72,9.56,-0.93,3.3,2.04,1280.89,350.3,SC,SAMMAANCAP,1
https://www.screener.in/company/UJJIVANSFB/,61.24,11.04,24.06,2.55,1.91,11886.05,8.53,12.42,5.02,-49.19,8.57,0.52,13.62,6.77,494.05,53.45,SC,UJJIVANSFB,1
https://www.screener.in/company/SBFC/,108.59,13.27,30.24,3.61,3.46,11871.03,11.55,11.58,29.37,30.77,34.92,0.38,9.7,1.8,392.51,-157.84,SC,SBFC,1
https://www.screener.in/company/ZENTEC/consolidated/,1314.3,99.95,45.24,29.12,6.61,11866.86,37.22,26.08,5.64,23.43,80.48,0.58,20.62,0.01,284.44,-33.18,SC,ZENTEC,1
https://www.screener.in/company/PCBL/consolidated/,301.2,94.06,45.51,6.83,3.06,11851.09,11.82,12.46,-0.42,-41.62,14.3,0.27,15.61,1.36,258.01,55.07,SC,PCBL,1
https://www.screener.in/company/NSLNISP/,40.36,82.61,,-2.75,0.91,11827.93,-12.97,-16.6,67.78,70.79,,,-6.08,0.41,-806.58,-114.51,SC,NSLNISP,1
https://www.screener.in/company/RITES/consolidated/,245.15,68.5,28.65,8.55,4.47,11776.81,21.82,14.66,-5.23,3.23,16.89,0.51,18.27,0,450.71,96.4,SC,RITES,1
https://www.screener.in/company/ACE/consolidated/,989.55,71.29,28.16,35.1,6.61,11774.43,40.11,28.65,4.95,14.31,32.99,1.02,24.1,0.08,418.02,68.25,SC,ACE,1
https://www.screener.in/company/CANFINHOME/,884.25,9.87,12.09,73.15,2.16,11774.15,9.34,18.22,8.79,17.03,14.4,1.51,18.27,6.61,974,26.08,SC,CANFINHOME,1
https://www.screener.in/company/INGERRAND/,3723.7,34.28,42.46,82.01,18.08,11754.98,60.02,45.01,7.2,4.98,46.45,1.06,32.2,0.02,258.88,69.93,SC,INGERRAND,1
https://www.screener.in/company/EMBDL/consolidated/,85.01,827.53,,-1.61,1.11,11748.38,3.19,2.53,65.2,-273.43,66.82,,-6.2,0.49,-222.33,422.02,SC,EMBDL,1
https://www.screener.in/company/SPLPETRO/,624.65,57.15,43.26,14.15,5.29,11746,22.76,17.36,-12.51,-34.6,23.91,0.4,29.06,0.06,266.16,58.96,SC,SPLPETRO,1
https://www.screener.in/company/FINPIPE/,188.73,88.58,24.58,7.68,2.02,11710.26,8.77,6.76,-5.57,2.93,27.41,0.28,11.73,0,476.38,59.86,SC,FINPIPE,1
https://www.screener.in/company/J&KBANK/consolidated/,106.25,87.77,5.61,18.98,0.82,11706.59,6.15,15.77,9.03,3.08,5.31,2.81,12.6,10.62,2089.96,27.65,SC,J&KBANK,1
https://www.screener.in/company/OLECTRA/consolidated/,1422.6,56.19,81.62,17.41,10.4,11664.95,20.52,14.27,34.02,27.3,130.44,0.17,7.87,0.33,142.76,50.62,SC,OLECTRA,1
https://www.screener.in/company/TITAGARH/consolidated/,862.35,119.97,48.24,17.84,4.68,11624.84,16.55,11.75,-5.24,-17.93,44.69,0.24,10.46,0.25,238.85,-20.12,SC,TITAGARH,1
https://www.screener.in/company/VIKRAMSOLR/consolidated/,320.45,27.31,44.42,4.42,3.93,11591.22,26.45,16.57,36.34,58.23,74.63,0.37,9.2,0.09,139.83,56.56,SC,VIKRAMSOLR,1
https://www.screener.in/company/EDELWEISS/consolidated/,122.44,65.49,19.58,5.96,2.62,11588.68,13.27,8.68,8.91,27.97,17,0.44,5.41,4.4,706.82,58.86,SC,EDELWEISS,1
https://www.screener.in/company/NCC/consolidated/,184.35,97.72,14.59,12.64,1.53,11586.75,21.71,11.41,-5.66,-6.97,15.77,0.78,9.1,0.39,842.9,36.19,SC,NCC,1
https://www.screener.in/company/BLACKBUCK/,634.9,17.81,29.71,21.25,8.75,11522.88,10.52,47.3,46.59,1083.92,31.08,1.59,-27.39,0.01,378.67,67.88,SC,BLACKBUCK,1
https://www.screener.in/company/SANOFICONR/,4984.8,19.44,53.44,94.61,44.67,11482.76,111.44,83.81,11.83,7.62,60.68,1.57,,0.11,217.9,154.8,SC,SANOFICONR,1
https://www.screener.in/company/MARKSANS/consolidated/,251.95,42.37,30,8.4,4.63,11417.46,20.06,16.8,20.46,21.36,14.27,0.56,18.52,0.13,382.62,34.5,SC,MARKSANS,0
https://www.screener.in/company/JYOTHYLAB/,309.15,92.74,32.29,9.5,7.89,11352.43,37.11,29.02,1.66,-6.45,35.27,0.9,27.15,0.04,348.96,57.14,SC,JYOTHYLAB,1
https://www.screener.in/company/RAILTEL/,352.9,75.12,35.03,9.99,5.36,11329.09,21.84,16.46,29.92,14.77,29.25,0.47,13.39,0.03,320.67,41.99,SC,RAILTEL,1
https://www.screener.in/company/BANCOINDIA/consolidated/,784.55,12.14,25.99,30.25,8.61,11242.44,32.36,32.18,19.69,59.5,10.95,1.24,23.76,0.44,432.65,25.81,SC,BANCOINDIA,1
https://www.screener.in/company/EUREKAFORB/,580.05,13.08,67.1,8.83,2.56,11208.62,5.04,3.69,11.37,50.07,93.72,0.05,1.99,0.01,170.76,81.86,SC,EUREKAFORB,1
https://www.screener.in/company/ALIVUS/,903.25,47.81,20.89,43.27,3.68,11078.14,24.92,18.69,12.53,25.24,15.54,0.89,24.66,0.02,530.4,55.04,SC,ALIVUS,1
https://www.screener.in/company/BSOFT/consolidated/,395.4,117.97,23.86,16.62,2.98,11014.97,20.95,15.59,-2,-25.41,25.87,0.65,17.24,0.04,461.58,73.93,SC,BSOFT,1
https://www.screener.in/company/SONATSOFTW/consolidated/,390.15,122.99,25.51,15.28,6.41,10928.26,29.1,27.31,16.11,3.63,27.69,1.07,32.3,0.3,428.37,84.69,SC,SONATSOFTW,1
https://www.screener.in/company/HFCL/consolidated/,75.7,125.89,392.17,0.19,2.64,10918.19,7.55,4.42,-19.16,-92.62,32.45,0.01,9.34,0.38,31.9,78.09,SC,HFCL,1
https://www.screener.in/company/SAFARI/consolidated/,2227.3,27.38,65.69,33.97,10.45,10915.56,18.67,15.79,15.87,3.73,66.86,0.24,18.57,0.11,166.16,22.91,SC,SAFARI,1
https://www.screener.in/company/GRWRHITECH/consolidated/,4696.5,14.51,32.94,142.57,4.6,10911.09,20.5,15,25.78,62.85,13.65,0.46,10.78,0.01,331.22,66.54,SC,GRWRHITECH,0
https://www.screener.in/company/INOXINDIA/consolidated/,1200.2,25.58,45.58,27.09,11.11,10891.62,37.98,28.99,19.72,22.65,51.93,0.64,30.06,0.1,245.86,37.47,SC,INOXINDIA,1
https://www.screener.in/company/JUBLINGREA/consolidated/,681.5,29.86,37.76,18.08,3.71,10873.57,11.15,8.88,3.8,64.06,37.66,0.24,11.53,0.26,288,91.2,SC,JUBLINGREA,1
https://www.screener.in/company/GRINFRA/consolidated/,1109.8,105.17,9.93,113.94,1.26,10767.55,13.95,12.15,-6.01,17.81,11.85,1.22,18.63,0.59,1099.73,-102.58,SC,GRINFRA,1
https://www.screener.in/company/PVRINOX/consolidated/,1095.5,102.18,,-3.81,1.52,10761.72,2.72,-4.18,11.47,87.83,,,-8.83,1.1,-38.8,116.12,SC,PVRINOX,1
https://www.screener.in/company/KRBL/consolidated/,469.55,43.75,19.9,23.6,2.05,10747.52,11.85,9.43,15.66,10.72,12.24,0.47,12.98,0.08,540.07,130.59,SC,KRBL,1
https://www.screener.in/company/ENGINERSIN/consolidated/,190.55,59.54,19.35,9.85,4.01,10711.37,25.01,23.17,8.03,39.11,22.42,1.2,17.73,0.01,553.57,16.52,SC,ENGINERSIN,1
https://www.screener.in/company/RELAXO/,428,238.32,61.05,7.02,5.08,10675.45,11.22,8.31,-7.78,-7.25,103.31,0.14,11.8,0.1,174.86,98.57,SC,RELAXO,1
https://www.screener.in/company/SHAKTIPUMP/consolidated/,865,61.62,25.87,34.32,8.95,10673.92,55.31,42.61,40.87,76.78,26.04,1.65,27.27,0.14,412.53,3.3,SC,SHAKTIPUMP,1
https://www.screener.in/company/SANDUMA/consolidated/,219.35,8.45,17.82,12.32,3.68,10667.45,20.78,18.64,196.22,71.44,15.33,1.05,,0.64,599.94,101.5,SC,SANDUMA,1
https://www.screener.in/company/SUNDARMHLD/consolidated/,479.8,12.94,23.16,20.72,1.9,10656.54,2.27,7.92,-6.3,-19.67,12.72,0.34,8.2,0,460.12,155.32,SC,SUNDARMHLD,1
https://www.screener.in/company/VIJAYA/consolidated/,1038.85,22.9,69.89,14.77,12.33,10653.89,20.91,19,16.71,13.52,56.38,0.27,20.37,0.42,152.04,79.14,SC,VIJAYA,1
https://www.screener.in/company/RELINFRA/consolidated/,259.8,916.55,2.32,132.01,0.71,10616.24,34.01,37.52,-5.76,566.18,2.12,16.17,6.47,0.44,9575.5,34.52,SC,RELINFRA,1
https://www.screener.in/company/TRANSRAILL/consolidated/,790.4,8.27,27.87,28.66,5.64,10611.6,30.58,21.63,46.79,54.57,27.65,0.78,19.28,0.35,380.74,39.83,SC,TRANSRAILL,1
https://www.screener.in/company/ALKYLAMINE/,2073.3,129.06,56.8,36.51,7.56,10602.95,18.66,13.96,10.29,26.14,60.05,0.25,20.97,0,186.68,81.92,SC,ALKYLAMINE,1
https://www.screener.in/company/TI/consolidated/,508.2,8.23,38.06,14.36,11.15,10580.41,28.19,29.62,9.07,79.02,37.57,0.78,,0.05,278.02,65.99,SC,TI,1
https://www.screener.in/company/SANOFI/,4591.75,65.51,28.65,154.91,13.51,10579.98,49.16,47.15,-1.78,4.45,21.14,1.65,31.94,0.03,356.3,91.01,SC,SANOFI,1
https://www.screener.in/company/HCG/consolidated/,750.85,7.17,299.11,2.52,47.99,10576.39,8.56,5.14,17.62,-35.06,144.3,0.02,0.44,8.01,41.16,74.8,SC,HCG,1
https://www.screener.in/company/TTML/,53.99,439.08,,-6.48,,10548.83,50.32,,-5.82,0.81,,,,,-1267.33,87.02,SC,TTML,1
https://www.screener.in/company/AZAD/,1615.9,28.72,92,17.89,7.05,10424.61,12.23,8.58,32.78,62.03,101.88,0.09,10.7,0.2,113.31,36.45,SC,AZAD,1
https://www.screener.in/company/WESTLIFE/consolidated/,664.6,54.22,1024.06,0.65,17.17,10363.52,6.71,2.04,5.8,-76.8,171.76,0,3.62,2.69,10.12,100.18,SC,WESTLIFE,1
https://www.screener.in/company/PRUDENT/consolidated/,2501.5,49.56,50.4,49.57,13.58,10342.95,44.06,34.04,19.95,16.63,42.25,0.68,35.67,0.04,205.25,54.96,SC,PRUDENT,1
https://www.screener.in/company/THANGAMAYL/,3303.9,5.03,55.82,59.13,8.8,10261.72,13.74,14.88,35.04,92.77,32.69,0.27,20.63,0.96,183.81,-188.71,SC,THANGAMAYL,1
https://www.screener.in/company/JKLAKSHMI/consolidated/,823,24.08,21.93,39.26,2.76,10223.17,10.48,8.72,6.13,34.92,20.2,0.4,14.91,0.72,466.32,86.6,SC,JKLAKSHMI,1
https://www.screener.in/company/METROPOLIS/consolidated/,1962.9,82.38,64.38,30.61,7.1,10185.81,14.66,11.53,15.41,6.88,62.1,0.18,17.27,0.14,158.83,83.01,SC,METROPOLIS,1
https://www.screener.in/company/RHIM/consolidated/,491.8,81.61,64.57,7.62,2.53,10158.92,7.06,5.19,8.65,-21,42.67,0.08,11.04,0.1,157.34,73.54,SC,RHIM,1
https://www.screener.in/company/NAZARA/consolidated/,273.1,53.61,11.82,2.13,2.98,10143.03,2.5,2.9,80,782.66,99.56,0.25,3.06,0.06,35.16,34.4,SC,NAZARA,1
https://www.screener.in/company/SKFINDIA/,2045,67.63,19.27,106.35,3.88,10123.13,28.82,21.43,8,-5.55,20.51,1.11,21.75,0,525.36,23.98,SC,SKFINDIA,1
https://www.screener.in/company/RAYMOND/consolidated/,1515.2,57.12,31.7,1160.33,2.81,10093.65,30.93,44.5,2.85,-25.5,13.49,14.11,19.37,0.26,7727.96,20.79,SC,RAYMOND,0
https://www.screener.in/company/BLUEJET/,581.05,76.96,28.6,20.31,8.03,10076.61,39.75,30.24,63.34,101.57,44.03,1.06,31.1,0.02,352.39,11,SC,BLUEJET,1
https://www.screener.in/company/RKFORGE/consolidated/,556,91.38,45.14,12.31,3.28,10066.82,6.84,14.4,-0.98,-14.45,35.9,0.32,14.81,0.89,223.02,5.62,SC,RKFORGE,1
https://www.screener.in/company/CLEAN/,943.5,186.7,34.12,27.66,6.44,10030.66,29.26,21.88,4.92,6.18,57.46,0.64,28.54,0,293.93,64.13,SC,CLEAN,1
https://www.screener.in/company/SOUTHBANK/,38.33,5.14,7.39,5.19,0.94,10030.42,6.5,13.78,4.23,12.02,6.43,1.86,9.32,11.5,1357.38,-30.21,SC,SOUTHBANK,1
https://www.screener.in/company/GENUSPOWER/consolidated/,329.75,47.4,21.86,15.14,5.37,10026.58,19.21,18.12,129.76,221.62,39.54,0.83,9.62,0.73,460.26,-80.25,SC,GENUSPOWER,1
https://www.screener.in/company/MMTC/consolidated/,66.84,2739.2,141.55,0.65,5.89,10021.49,7.7,5.87,-101.63,-70.73,58.06,0.04,,0,98.2,-261.14,SC,MMTC,1
https://www.screener.in/company/LATENTVIEW/consolidated/,482.1,56.61,52.23,9.23,6.13,9955.09,15.22,11.58,31.5,11.74,53.03,0.22,13.65,0.02,190.18,51.2,SC,LATENTVIEW,1
https://www.screener.in/company/VESUVIUS/,489.35,32.31,40.77,12.01,6.53,9937.9,25.47,19.3,16.07,-6.83,37.11,0.47,13.95,0.01,243.78,67.32,SC,VESUVIUS,1
https://www.screener.in/company/POWERMECH/consolidated/,3142.4,18.54,31.16,100.86,4.6,9935.1,22.92,16.33,26.93,23.91,26.19,0.52,13.23,0.34,366.4,0.04,SC,POWERMECH,1
https://www.screener.in/company/ARVIND/consolidated/,378.95,18.85,28.07,13.5,2.62,9921.59,12.54,9.65,7.64,5.52,18.77,11.1,8.09,0.41,367.38,83.16,SC,ARVIND,0
https://www.screener.in/company/HEG/consolidated/,514.25,92.71,38.46,13.36,2.13,9916.27,3.96,2.59,3.93,41.78,19.99,0.07,6.56,0.14,257.89,69.89,SC,HEG,1
https://www.screener.in/company/IIFLCAPS/consolidated/,318.2,41.11,16.87,18.87,3.51,9869.95,33.27,31.58,-8.75,-18.44,9.79,1.87,27.88,0.62,585.94,77.91,SC,IIFLCAPS,1
https://www.screener.in/company/WABAG/consolidated/,1584.1,22.72,32.23,49.22,4.6,9855.58,19.7,14.58,16.09,22.37,15.23,0.45,10,0.17,305.8,77.07,SC,WABAG,1
https://www.screener.in/company/VARROC/consolidated/,643.2,83.26,52.23,8.76,6.28,9846.21,17.06,7.37,8.34,-64.17,42.21,0.14,-20.09,0.71,143.02,91.65,SC,VARROC,1
https://www.screener.in/company/SAPPHIRE/consolidated/,306.3,30.92,566.02,0.28,7.04,9843.96,5.76,1.85,10.62,-50.7,82.51,0,5.17,0.92,6.77,98.94,SC,SAPPHIRE,1
https://www.screener.in/company/JLHL/consolidated/,1497.8,18.17,49.44,30.27,6.77,9814.21,17.95,14.95,17.49,8.29,52.27,0.3,17.05,0.28,198.81,79.44,SC,JLHL,1
https://www.screener.in/company/DBREALTY/consolidated/,180.91,159.25,,-1.85,1.99,9754.75,-2.56,-3.28,393.59,-109.83,8.54,,-1.7,0.39,-91.12,-301.02,SC,DBREALTY,1
https://www.screener.in/company/LUMAXTECH/consolidated/,1430.3,2.61,46.05,31.03,10.43,9738.35,19.02,20.25,36.7,36.23,24.78,0.44,16.06,0.97,267.26,56.87,SC,LUMAXTECH,1
https://www.screener.in/company/PGHL/,5859,28.01,31.7,184.83,15.69,9726.41,47.75,36.42,10.75,35.38,37.55,1.15,27.14,0.01,306.8,51.29,SC,PGHL,1
https://www.screener.in/company/ABFRL/consolidated/,79.55,62.33,,-4.51,1.55,9698.22,-2.87,-10.93,-15.73,4.07,32.67,,-12.88,0.91,-594.73,207.21,SC,ABFRL,1
https://www.screener.in/company/AMIORG/consolidated/,1176.3,12.39,60.68,19.38,7.36,9630.24,19.92,16,40.34,167.11,55.2,0.26,16.04,0.01,160.41,47.53,SC,AMIORG,0
https://www.screener.in/company/ASTRAMICRO/consolidated/,1015.4,17.78,59.74,16.97,8.78,9624.17,18.72,14.43,11.44,23.56,55.25,0.24,11.37,0.39,161.09,-31.06,SC,ASTRAMICRO,1
https://www.screener.in/company/LLOYDSENGG/consolidated/,69.45,21.34,93.31,0.7,15.8,9623.03,,,,,91.44,,,0.13,105.04,99.36,SC,LLOYDSENGG,1
https://www.screener.in/company/ZEEL/consolidated/,100.1,518.73,15.04,5.96,0.83,9615.73,9.21,6.71,-4.67,49.44,25.8,0.45,5.57,0.02,572.2,88.81,SC,ZEEL,1
https://www.screener.in/company/TRIVENI/consolidated/,438.15,22.33,40.25,11.11,3.08,9591.01,8.62,7.93,8.99,-39.76,16.54,0.2,16.81,0.63,238.26,18.78,SC,TRIVENI,0
https://www.screener.in/company/BBOX/consolidated/,563.6,27,35.22,12.95,10.59,9570.38,29.75,44.23,-0.64,24.42,34.14,1.26,45.98,1.15,219.63,-16.11,SC,BBOX,1
https://www.screener.in/company/NESCO/,1356,5.53,23.79,57,3.63,9554.37,21.12,15.82,14.8,12.67,18.68,0.66,15.04,0,401.65,61.17,SC,NESCO,1
https://www.screener.in/company/INOXGREEN/consolidated/,255.85,9.05,247.38,1.04,4.77,9550.9,2.6,1.02,14.36,42.41,198,0,-6.65,0.09,40.08,59.71,SC,INOXGREEN,1
https://www.screener.in/company/STARCEMENT/consolidated/,235.65,31.11,31.47,7.49,3.17,9524.51,8.39,6.05,18.13,52.87,23.33,0.19,10.27,0.21,301.39,50.3,SC,STARCEMENT,1
https://www.screener.in/company/LLOYDSENT/consolidated/,65.7,34.17,33.66,1.85,3.03,9495.39,5.97,2.48,11.02,158.82,67.69,0.07,3.36,0.2,376.49,80.29,SC,LLOYDSENT,1
https://www.screener.in/company/532468/consolidated/,2949.7,18.66,11.54,255.69,1.24,9465.76,11.75,9.11,11.43,6.78,8.98,0.79,16.62,0.6,1625.9,88.58,SC,532468,1
https://www.screener.in/company/MEDPLUS/consolidated/,786.8,70.69,48.32,16.29,5.11,9427.04,10.28,8.8,4.94,94.64,102.75,0.18,6.48,0.65,195.03,101.99,SC,MEDPLUS,1
https://www.screener.in/company/HONASA/,289.4,89.01,75.7,3.83,7.46,9419.55,7.44,5.51,14.37,55.61,107.96,0.07,,0.09,124.44,60.14,SC,HONASA,1
https://www.screener.in/company/ASKAUTOLTD/consolidated/,477.75,16.17,36.67,13.03,9.03,9418.49,27.58,26.63,13.43,31.2,41.34,0.73,20.63,0.39,256.85,80.04,SC,ASKAUTOLTD,1
https://www.screener.in/company/APOLLO/,279.45,26.93,110.04,2.64,8.65,9379.45,14.54,10.23,39.76,78.63,40.33,0.09,6.85,0.29,85.24,8.84,SC,APOLLO,1
https://www.screener.in/company/TEJASNET/consolidated/,525.9,184.29,,-22.98,2.8,9328.85,15.47,12.77,-19.93,-189.56,58.89,,3.82,1.29,-407.13,-37.7,SC,TEJASNET,1
https://www.screener.in/company/KPIGREEN/consolidated/,472.6,57.71,23.48,20.12,3.52,9319.63,17.5,19.73,70.66,71.36,26.74,0.84,25.06,0.96,417.3,35.6,SC,KPIGREEN,1
https://www.screener.in/company/INDIASHLTR/,855.35,18.28,20.87,41.2,3.18,9284.17,12.61,15.07,39.33,42.11,23.7,0.72,13.58,1.89,444.91,-167.82,SC,INDIASHLTR,1
https://www.screener.in/company/MAPMYINDIA/consolidated/,1696,62.02,63.69,26.74,11.14,9275.94,24.13,17.62,22.12,8,69.37,0.28,19.57,0.01,145.67,56.18,SC,MAPMYINDIA,1
https://www.screener.in/company/SAREGAMA/consolidated/,479.75,43.6,46.31,10.57,5.85,9259.63,18.05,13.14,38.81,4.72,42.99,0.28,14.95,0,203.66,98.85,SC,SAREGAMA,1
https://www.screener.in/company/JAIBALAJI/consolidated/,101.39,159.2,22.04,4.6,4.35,9249.71,36.08,30.75,-9.92,-54.29,16.31,1.4,,0.26,419.61,33.31,SC,JAIBALAJI,1
https://www.screener.in/company/BALRAMCHIN/consolidated/,457.3,51.51,22.81,20.06,2.36,9236.95,10.16,10.96,9.74,-6.25,20.73,0.48,13.87,0.2,405.05,54.96,SC,BALRAMCHIN,1
https://www.screener.in/company/JSLL/,737.7,15.22,59.58,12.39,33.58,9172.72,50.24,37.93,62.41,82.71,46.88,0.64,40.34,0.04,153.95,53.45,SC,JSLL,1
https://www.screener.in/company/BIRLACORPN/consolidated/,1186.9,51.82,17.34,64.65,1.28,9143.03,7.08,4.79,6.86,72.9,26.56,0.28,6.3,0.45,497.84,126.62,SC,BIRLACORPN,1
https://www.screener.in/company/ORKLAINDIA/consolidated/,664.85,14.31,35.28,186.65,,9102.96,13.55,9.8,1.64,18.03,3.62,0.28,10.28,0.02,255.69,91.82,SC,ORKLAINDIA,1
https://www.screener.in/company/BORORENEW/consolidated/,647.5,28.7,,-14.1,9.66,9088.58,-4.41,-8.9,7.63,78.48,93.94,,,0.23,-201.52,132.17,SC,BORORENEW,1
https://www.screener.in/company/TIMETECHNO/consolidated/,200.15,28.29,22.5,8.89,3.14,9081.43,17.35,14.22,8.49,21,15.09,0.63,10.75,0.25,410.53,54.55,SC,TIMETECHNO,1
https://www.screener.in/company/533095/consolidated/,8037.6,43.06,12.56,647.48,0.93,9079.54,4.28,7.69,-76.39,-46.21,5.59,0.61,14.97,0.06,756.83,58.87,SC,533095,1
https://www.screener.in/company/OSWALPUMPS/consolidated/,794.45,3.09,32.27,28.21,,9054.94,77.89,87.47,88.55,182.05,25.4,2.71,,0.72,280.61,-35.65,SC,OSWALPUMPS,1
https://www.screener.in/company/PRAJIND/consolidated/,492.35,77.72,45.33,11.91,6.55,9050.04,19.15,15.03,-6.87,-27.29,41.93,23.47,18.3,0.14,218.93,11.44,SC,PRAJIND,0
https://www.screener.in/company/MAHSEAMLES/consolidated/,674.45,62.96,10.29,65.56,1.43,9037.07,16.63,12.89,-1.3,0.57,9.82,1.25,15.01,0,878.78,55.17,SC,MAHSEAMLES,1
https://www.screener.in/company/KIRLFER/,541.05,53.41,26.4,20.51,2.57,8908.46,12.64,9.58,8.21,-0.03,16.32,0.36,17.09,0.37,337.49,79.96,SC,KIRLFER,1
https://www.screener.in/company/SHILPAMED/consolidated/,908.65,10.41,69.12,11.36,3.75,8885.77,7.94,4.28,11.1,213.03,94.32,0.06,2.82,0.25,111.13,39,SC,SHILPAMED,1
https://www.screener.in/company/SYMPHONY/consolidated/,1286.5,72,36.03,30.89,11.66,8871.32,36.88,32.61,36.32,67.49,52.67,20.79,18.88,0.19,213,72.35,SC,SYMPHONY,0
https://www.screener.in/company/HAPPSTMNDS/consolidated/,582.2,171.52,44.72,12.53,5.63,8865.44,15.25,12.61,26.47,-14.24,53.77,0.28,22.89,0.79,190.75,51.89,SC,HAPPSTMNDS,1
https://www.screener.in/company/ALOKINDS/consolidated/,17.85,446.67,,-1.57,,8862.95,-4.76,,-28.74,-8.84,,,,,-781.12,511.63,SC,ALOKINDS,1
https://www.screener.in/company/TCI/consolidated/,1131.6,15.68,20.63,54.91,4.09,8829.95,20.52,19.79,11.32,18.34,18.94,0.96,19.4,0.11,431.7,60.23,SC,TCI,1
https://www.screener.in/company/500123/,11070.5,35.31,66,167.73,9.41,8776.34,23.02,17.45,12.98,-11.7,47.95,0.26,16.81,0,132.97,31.75,SC,500123,1
https://www.screener.in/company/TTKPRESTIG/consolidated/,631.7,100.98,59.42,7.02,4.66,8756.41,11.55,7.19,2.16,-32.65,46.85,0.12,12.93,0.1,92.83,49.08,SC,TTKPRESTIG,1
https://www.screener.in/company/NETWORK18/consolidated/,56.21,934.09,,-9.46,1.83,8667.58,0.61,-3.34,-54.18,75.93,40.83,,-1.57,0.62,-1432.46,-533.29,SC,NETWORK18,1
https://www.screener.in/company/SHARDACROP/consolidated/,957.1,23.39,20.56,46.54,3.45,8635,16.5,12.62,36.53,184.15,15.94,0.61,12.39,0,419.98,90.39,SC,SHARDACROP,1
https://www.screener.in/company/BECTORFOOD/consolidated/,1395.4,57.66,61.77,22.59,7.35,8567.49,18.13,15.66,12.92,-1.6,52.58,0.25,17.62,0.16,138.69,57.56,SC,BECTORFOOD,1
https://www.screener.in/company/PCJEWELLER/consolidated/,12.94,364.14,14.58,1.03,1.33,8508.54,6.53,12.66,173.56,293.43,17.7,0.87,-2.93,0.35,583.55,-121.26,SC,PCJEWELLER,1
https://www.screener.in/company/GSFC/consolidated/,213.2,51.24,13.23,16.12,0.7,8495.54,6.16,4.75,3.26,19.24,9.73,0.36,6.76,0,642.44,8.71,SC,GSFC,1
https://www.screener.in/company/RELIGARE/consolidated/,256.05,175.74,73.39,3.55,3.37,8466.39,7.7,5.15,12.7,74.74,75.47,0.07,,0.09,164.68,459.04,SC,RELIGARE,1
https://www.screener.in/company/KIRLPNU/,1291.5,40.73,38.98,32.71,7.65,8383.58,28.27,21.12,19.89,45.02,36.24,0.54,16.01,0,212.22,68.27,SC,KIRLPNU,1
https://www.screener.in/company/GMRP&UI/consolidated/,116.74,44.98,,2.58,14.22,8345,13.24,,28.24,43.07,8.26,,,17.48,182.97,138.36,SC,GMRP&UI,1
https://www.screener.in/company/ACI/consolidated/,675.65,24.06,43.81,12.76,4.47,8339.39,12.81,9.8,-6.59,-29.49,28.48,0.22,,0.13,157.44,53.57,SC,ACI,1
https://www.screener.in/company/TANLA/consolidated/,618.4,239.06,17.18,35.99,3.67,8324.74,29.19,24.1,1.18,-12.57,24.35,1.4,33.34,0.03,484.46,87.64,SC,TANLA,1
https://www.screener.in/company/CERA/,6398,79.74,33.66,189.18,6.16,8321.16,22.39,18.3,5.12,7.05,41.9,0.54,17.45,0.05,246.05,32.88,SC,CERA,1
https://www.screener.in/company/GANESHHOUC/consolidated/,996.7,48.99,13.9,71.72,4.04,8311.19,44.02,35.32,7.69,29.69,20.82,24.33,23.23,0.01,598.06,50.41,SC,GANESHHOUC,0
https://www.screener.in/company/GARFIBRES/consolidated/,833.55,18.34,34.79,23.96,6.66,8274.3,24.67,18.71,17.58,11.91,37.37,0.54,18.5,0.05,237.9,54.68,SC,GARFIBRES,1
https://www.screener.in/company/MANORAMA/,1387.8,27.83,55.49,25.01,17.91,8273.24,23.03,28.03,93.56,254.22,66.87,0.51,16.43,1.04,149.09,-28.03,SC,MANORAMA,1
https://www.screener.in/company/PGINVIT/consolidated/,90.9,76.02,7.18,12.9,1.07,8271.89,16.05,15.36,-0.24,23.53,10.81,2.14,,0.14,1161.66,70.47,SC,PGINVIT,1
https://www.screener.in/company/STAR/consolidated/,895.15,8.59,22.02,37.07,3.23,8250.84,14.68,150.67,12.86,231.58,25.03,6.84,28.37,0.74,353.52,79.89,SC,STAR,1
https://www.screener.in/company/TIPSMUSIC/,637.8,48.95,48.95,13.03,38.91,8153.1,112.44,85.63,28.61,32.89,34.25,90.8,71.57,0.02,166.56,53.27,SC,TIPSMUSIC,0
https://www.screener.in/company/DIACABS/consolidated/,154.28,25.48,213.73,0.72,,8130.11,,,142.17,33.66,246.43,,,,38.04,213.08,SC,DIACABS,1
https://www.screener.in/company/JUSTDIAL/,951.85,99.05,13.86,68.7,1.76,8094.74,15.31,13.54,9.49,318.42,58.67,6.76,5.76,0.02,584.2,43.15,SC,JUSTDIAL,0
https://www.screener.in/company/VOLTAMP/,7982.5,85.41,24.81,321.75,5.09,8075.99,29.11,21.68,12.05,-3.12,19.04,0.87,19.11,0,325.52,49.58,SC,VOLTAMP,1
https://www.screener.in/company/DODLA/consolidated/,1324.2,15.16,30.99,42.73,5.68,7988.61,26.55,19.83,18.72,31,29.34,0.64,17.51,0.03,257.79,122.54,SC,DODLA,1
https://www.screener.in/company/GALAXYSURF/consolidated/,2249.2,60.06,26.15,86,3.38,7974.48,16.18,13.43,11.38,0.75,29.15,20.34,17.98,0.09,304.91,101.64,SC,GALAXYSURF,0
https://www.screener.in/company/EPIGRAL/,1836.5,31.14,22.21,82.68,4.16,7922.91,25.17,22.59,32.19,82.15,21.09,24.01,27.02,0.31,356.7,60.69,SC,EPIGRAL,0
https://www.screener.in/company/CAMPUS/,258.35,147.73,66.36,3.89,11.38,7889.97,16.71,14.88,8.3,49.32,94.11,21.83,20.07,0.32,118.9,122.71,SC,CAMPUS,0
https://www.screener.in/company/BAJAJELEC/,672.1,117.7,65.54,11.57,4.97,7752.15,12.62,7.89,4.08,-8.73,63.09,13.58,9.25,0.16,133.42,95.74,SC,BAJAJELEC,0
https://www.screener.in/company/AURIONPRO/consolidated/,1402.3,42.03,41.59,33.72,5.15,7742.59,18.07,15.3,32.17,32.27,17.6,15.79,12.61,0.02,188.42,59.98,SC,AURIONPRO,0
https://www.screener.in/company/EPL/consolidated/,234.62,35.86,20.72,11.23,3.18,7497.71,17.49,16.28,7.59,44.39,27.26,14.95,13.67,0.34,363.8,90.18,SC,EPL,0
https://www.screener.in/company/MOIL/,363.9,61.68,19.4,18.76,2.81,7404.83,19.12,14.99,9.5,32.92,18.2,16.13,12.02,0,381.64,67.97,SC,MOIL,0
https://www.screener.in/company/KTKBANK/,195.33,46.7,5.8,33.67,0.61,7382.24,6.33,11.1,8.62,-2.57,4.94,5.83,11.36,8.83,1272.37,2.85,SC,KTKBANK,0
https://www.screener.in/company/PNGJL/consolidated/,543.85,55.93,33.81,16.08,4.75,7380.5,19.35,20.9,26.95,41.42,46.86,20.4,23.11,0.6,218.27,-182.08,SC,PNGJL,0
https://www.screener.in/company/DHANUKA/consolidated/,1613,19.43,24.76,65.15,5.24,7351.78,28.79,22.34,15.73,24.95,18.38,29.84,22.68,0.05,296.96,58.02,SC,DHANUKA,0
https://www.screener.in/company/ORIENTCEM/,356.6,6.39,80.29,4.45,4.05,7326.7,8.87,5.14,-14.95,-47.86,16.48,15.83,11.32,0.04,91.25,63.92,SC,ORIENTCEM,0
https://www.screener.in/company/PARAS/consolidated/,1799.5,0.99,117.92,15.75,11.33,7250.85,15.43,11.34,43.85,104.76,84.26,12.68,9.21,0.04,61.49,42.62,SC,PARAS,0
https://www.screener.in/company/MASTEK/consolidated/,2343.1,56.59,19.55,121.5,2.94,7249.53,17.47,16.3,13.11,23.4,22.97,23.47,19.58,0.24,375.93,69.48,SC,MASTEK,0
https://www.screener.in/company/AARTIPHARM/consolidated/,796.5,5.12,26.5,30.05,3.63,7219.05,17.44,14.54,14.17,25.83,24.13,17.38,,0.21,272.4,69.88,SC,AARTIPHARM,0
https://www.screener.in/company/MHRIL/consolidated/,356.85,41.52,57.24,6.32,9.24,7208.98,9.48,19.31,2.82,14.71,71.13,8.11,23.93,4.01,125.95,87.94,SC,MHRIL,0
https://www.screener.in/company/EQUITASBNK/,63.21,84.31,49.01,1.29,1.19,7207.08,6.85,2.44,15.04,-81.59,16.44,8.01,9.43,7.45,147.05,59.43,SC,EQUITASBNK,0
https://www.screener.in/company/PRSMJOHNSN/consolidated/,142.56,72.63,,1.59,4.86,7175.9,2.29,-6.81,-3.65,-118.89,44.96,4.97,-0.89,1.02,45.11,130.43,SC,PRSMJOHNSN,0
https://www.screener.in/company/WELENT/consolidated/,517.55,28.32,20.53,23.3,2.82,7163.61,18.15,14.35,24.78,18.71,14.01,12.05,11.43,0.59,353.83,-37.57,SC,WELENT,0
https://www.screener.in/company/SFL/consolidated/,652.75,210.61,88.62,8.84,2.34,7095.78,4.39,2.69,15.32,-41.82,57.89,13.43,9.22,0.48,96.7,66.26,SC,SFL,0
https://www.screener.in/company/TMB/,448.1,36.43,6,74.68,0.79,7095.73,7.49,13.97,9.15,10.33,6.89,6.85,15.06,6.02,1182.61,41.59,SC,TMB,0
https://www.screener.in/company/SHREMINVIT/consolidated/,114,3.51,6.28,18.16,1.07,6963.62,11.43,17.69,25.86,6.67,6.24,10.25,,1.29,1117.89,22.86,SC,SHREMINVIT,0
https://www.screener.in/company/SWSOLAR/consolidated/,297.95,177.9,85.41,3.49,6.91,6956.96,15.99,8.24,107.61,138.63,20.11,-25.1,-74.09,0.93,85.55,13.23,SC,SWSOLAR,0
https://www.screener.in/company/DBL/consolidated/,472.9,163.98,14.93,43.83,1.37,6914.51,14.71,9.82,-5.79,710.66,29.43,9.33,0.02,1.88,839.92,5.73,SC,DBL,0
https://www.screener.in/company/RENUKA/consolidated/,31.85,288.1,,-1.41,,6779.24,10.46,,-3.51,52.05,0.92,10.38,,,-299.9,130.55,SC,RENUKA,0
https://www.screener.in/company/VMART/,3405.2,42.39,312.39,23.12,8.32,6757.01,8.38,2.78,16.81,122.33,311.97,4.68,-2.04,0.97,45.77,89.77,SC,VMART,0
https://www.screener.in/company/BALUFORGE/consolidated/,614.35,44.87,32.98,18.63,6.38,6723.56,31.26,25.38,64.97,117.64,32.84,29.21,,0.04,203.86,55.26,SC,BALUFORGE,0
https://www.screener.in/company/ETHOSLTD/consolidated/,2725.7,29.32,69.3,39.33,6.79,6672.63,13,10.32,25.29,16.19,69.34,13.9,10.84,0.29,96.29,-9.55,SC,ETHOSLTD,0
https://www.screener.in/company/CHEMPLASTS/consolidated/,422,95.82,,-6.98,3.23,6672.22,1.87,-5.86,10.78,37.47,16.99,17.12,9.01,0.89,-110.36,64.61,SC,CHEMPLASTS,0
https://www.screener.in/company/THOMASCOOK/consolidated/,140.42,88.01,25.55,5.4,2.93,6612.29,18.62,11.99,11.51,-0.22,44.1,3.62,0.51,0.21,258.39,115.37,SC,THOMASCOOK,0
https://www.screener.in/company/ELECTCAST/consolidated/,106.71,121.77,9.3,11.48,1.14,6596.65,13.24,13.03,-2.11,-5.93,8.83,11.37,10.28,0.37,709.71,41.46,SC,ELECTCAST,0
https://www.screener.in/company/504882/,3290,477.51,498.48,6.6,24.16,6580,6.88,4.97,4.49,-10.45,611.8,8.17,5.79,0,13.2,-45.16,SC,504882,0
https://www.screener.in/company/RUSTOMJEE/consolidated/,518.75,54.42,38.02,13.64,2.36,6537.79,9.33,7.53,-9.82,54.88,51.59,9.65,10.74,0.34,188.13,-3.54,SC,RUSTOMJEE,0
https://www.screener.in/company/TEXRAIL/consolidated/,163.24,81.7,26.2,6.24,2.33,6520.9,13.88,9.34,45.78,122.19,51.86,8.56,5.04,0.34,248.88,18.25,SC,TEXRAIL,0
https://www.screener.in/company/WEBELSOLAR/,1474.2,28.28,41.36,35.64,23.02,6400.44,59.15,80.22,2125.29,1716.93,46.47,10.37,16.46,0.55,154.74,65.68,SC,WEBELSOLAR,0
https://www.screener.in/company/SURYAROSNI/,292.45,43.9,18.27,16.01,2.58,6364.76,20.94,15.06,-4.78,7.08,14.84,18.64,15.59,0.01,348.4,64.4,SC,SURYAROSNI,0
https://www.screener.in/company/EMUDHRA/consolidated/,755.3,35.58,73.9,10.22,8.39,6254.77,15.32,12.08,39.2,12.34,61.08,21.26,16.2,0,87.24,76.76,SC,EMUDHRA,0
https://www.screener.in/company/CSBBANK/,358.1,17.91,10.46,34.23,1.38,6212.53,7.11,14.31,22.87,4.74,10.45,6.54,15.82,9.43,593.8,-179.95,SC,CSBBANK,0
https://www.screener.in/company/ROUTE/consolidated/,981.65,143.37,18.62,50.61,2.54,6184.16,17.71,14.5,13.73,-8.18,32.18,22.19,17.26,0.19,333.93,104.86,SC,ROUTE,0
https://www.screener.in/company/PDSL/consolidated/,435.15,53.05,39.2,11.1,3.73,6149.47,15.05,11.14,21.26,8.6,21.46,19.46,18.53,0.75,241.37,-7.23,SC,PDSL,0
https://www.screener.in/company/RAYMONDLSL/consolidated/,1008.8,207.3,94.45,6.27,0.64,6145.98,2.86,0.68,-5.49,-86.75,94.46,2.86,,0.24,38.19,62.11,SC,RAYMONDLSL,0
https://www.screener.in/company/ANUP/,2991.2,29.03,51.27,58.35,9.81,5990.32,24.23,20.52,28.69,16.96,17.46,20.01,17.77,0.05,116.85,-4.58,SC,ANUP,0
https://www.screener.in/company/AVALON/consolidated/,897.1,19.72,94.02,9.59,9.7,5964.33,13.37,10.95,26.63,146.18,76.68,15.63,13.54,0.29,63.44,18.99,SC,AVALON,0
https://www.screener.in/company/GHCL/consolidated/,617.05,26.29,9.47,65.18,1.69,5908.55,25.08,19.3,-7.63,4.24,7.2,23.09,21.69,0.03,624.15,66.19,SC,GHCL,0
https://www.screener.in/company/ZAGGLE/,439.65,35.79,67.45,6.52,4.73,5900.33,12.99,9.6,67.95,98.95,87.23,68.3,,0.01,87.48,14.2,SC,ZAGGLE,0
https://www.screener.in/company/SUNTECK/consolidated/,400.5,74.53,39.03,10.26,1.8,5866.89,6.28,4.71,51.04,113.52,134.25,4.16,2.03,0.12,150.32,80.03,SC,SUNTECK,0
https://www.screener.in/company/RTNPOWER/consolidated/,10.83,320.13,26.21,0.41,1.27,5815.82,8.69,4.96,-2.38,112.77,41.79,8.81,,0.79,221.92,43.55,SC,RTNPOWER,0
https://www.screener.in/company/SHOPERSTOP/consolidated/,522.4,80.64,527.96,0.99,17.9,5749.49,7.98,3.5,7.21,-86.63,103.52,6.64,-15.49,10.32,10.89,71.93,SC,SHOPERSTOP,0
https://www.screener.in/company/RALLIS/,291.1,30.09,45.53,6.43,2.97,5660.99,10.08,6.66,0.55,-15.84,29.38,12.32,8.87,0.03,125,92.77,SC,RALLIS,0
https://www.screener.in/company/E2E/,2822.1,94.45,118.66,23.78,3.54,5635.13,8.08,5.71,73.58,117.15,66.2,14.36,8.45,0.05,47.49,65.01,SC,E2E,0
https://www.screener.in/company/HCC/consolidated/,30.42,294.71,747.91,0.62,6.11,5534.56,25.58,2.01,-20.03,105.67,6.78,24.84,,1.85,112.63,17.65,SC,HCC,0
https://www.screener.in/company/REFEX/,424.55,41.33,28.96,14.66,4.39,5484.43,25.29,21.99,77.3,87.4,9.05,34.36,27.23,0.13,189.41,-97.52,SC,REFEX,0
https://www.screener.in/company/AVL/,424.35,35.49,51.76,8.2,9.35,5459.82,18.7,19.71,29.63,33.82,33.29,23.18,28.62,0.82,105.49,-19.27,SC,AVL,0
https://www.screener.in/company/INDIAGLYCO/consolidated/,1755.7,1.38,23.54,74.58,2.41,5435.91,12.1,10.72,14.4,28.77,15.64,10.19,9.78,0.84,230.92,63.32,SC,INDIAGLYCO,0
https://www.screener.in/company/QUESS/consolidated/,364.9,68.9,14.33,24.98,1.86,5435.16,11.74,11.15,10.63,62.83,18.15,10.7,7.64,0.24,388.29,72.89,SC,QUESS,0
https://www.screener.in/company/AGI/,837.1,56.24,16.8,49.84,2.58,5415.82,20.13,16.48,4.46,29.88,17.59,13.96,14.39,0.26,322.44,62.23,SC,AGI,0
https://www.screener.in/company/VIPIND/consolidated/,381.25,103.17,,-4.84,8.79,5414.5,-1.77,-11.79,-2.96,-320.34,76.43,7.12,3.02,1.22,-68.79,313.45,SC,VIPIND,0
https://www.screener.in/company/MAHLIFE/consolidated/,346.95,95.75,87.8,3.95,2.84,5381.28,2.95,3.25,75.52,-28.42,81.61,0.82,2.01,0.76,61.35,-503.38,SC,MAHLIFE,0
https://www.screener.in/company/PRICOLLTD/consolidated/,438.5,36.57,32,13.7,5.26,5344.5,22.78,17.95,18.49,14.72,32.32,19.48,15.75,0.18,167.03,93.86,SC,PRICOLLTD,0
https://www.screener.in/company/SKIPPER/,472.2,40.83,36.53,12.93,4.5,5327.53,24.04,14.06,40.9,94.83,39.57,15.06,7.48,0.63,145.83,32.53,SC,SKIPPER,0
https://www.screener.in/company/531201/,6925.25,28.5,35.97,192.54,15.23,5281.75,71.1,52.78,57.01,59.78,19.51,47.16,44.27,0,146.85,19.66,SC,531201,0
https://www.screener.in/company/JSFB/,497.35,52.99,10.43,47.73,1.28,5230.14,8.15,13.08,17.36,-25.11,6.02,7.97,15.84,8.06,501.42,145.98,SC,JSFB,0
https://www.screener.in/company/RAJESHEXPO/consolidated/,177.25,480.93,136.48,1.3,0.33,5224.15,3.23,2.24,17.04,8.52,7.92,0.05,9.81,-23.66,38.28,55.42,SC,RAJESHEXPO,0
https://www.screener.in/company/SUNCLAY/consolidated/,2355.7,24.55,,-4.83,5.35,5193.41,-2.41,-19.46,59.63,-28.35,,-0.29,,1.54,-10.65,-8.16,SC,SUNCLAY,0
https://www.screener.in/company/INDIGOPNTS/,1083.5,209,36.77,29.51,5.44,5165.56,23.18,17.52,54.1,23.83,17.92,0.02,18.56,40.36,140.56,61.95,SC,INDIGOPNTS,0
https://www.screener.in/company/THYROCARE/consolidated/,973,50.66,56.82,17.27,9.43,5156.26,26.01,16.91,20.19,29.42,47.3,27.73,19.83,0.05,90.75,93.9,SC,THYROCARE,0
https://www.screener.in/company/ORIENTELEC/,241.35,69.13,61.89,3.9,7.42,5149.59,17.83,12.48,10.01,32.06,60.64,24.11,17.07,0.12,83.21,40.62,SC,ORIENTELEC,0
https://www.screener.in/company/MASFIN/consolidated/,275.2,53.83,16.09,17.11,1.91,4993.6,11.25,14.14,24.3,23.66,22.14,11.25,14,3.51,314,-95.3,SC,MASFIN,0
https://www.screener.in/company/SWARAJENG/,4107.7,9.03,30.06,136.64,11.9,4989.81,56.58,42.14,18.51,21.06,19.85,52.2,39.19,0,165.98,72.49,SC,SWARAJENG,0
https://www.screener.in/company/GREAVESCOT/consolidated/,214.01,49.29,,2.51,3.54,4981.78,5.08,-0.42,10.83,-124.39,97.8,4,1.69,0.06,-6.28,-11.83,SC,GREAVESCOT,0
https://www.screener.in/company/RESPONIND/consolidated/,186.62,95.56,25.02,7.46,3.7,4975.45,15.83,16.02,30.45,22.7,73.14,8.69,8.68,0.19,198.86,24.85,SC,RESPONIND,0
https://www.screener.in/company/KRN/,799.9,26.52,99.1,8.07,10.01,4971.91,20.72,16,40.01,25.9,86.87,43.14,,0.07,50.17,24.5,SC,KRN,0
https://www.screener.in/company/RAIN/consolidated/,147.51,222.35,,-16.53,0.75,4961.5,4.5,-6.44,-6.56,59.05,7.96,8.98,3.94,1.28,-448.6,127.72,SC,RAIN,0
https://www.screener.in/company/VSTIND/,291.25,67.11,23.3,17.1,3.74,4947.21,20.9,16.49,-1.6,-29.1,16.96,36.39,26.71,0,290.4,53.26,SC,VSTIND,0
https://www.screener.in/company/INDUSINVIT/consolidated/,109.58,8.49,10.08,10.87,0.99,4853.72,9.61,9.76,516.95,3152.33,14.38,9.61,,0.44,481.67,69.46,SC,INDUSINVIT,0
https://www.screener.in/company/SIS/consolidated/,332.8,111.06,18.34,0.82,2,4807.02,13.14,10.87,7.57,39.79,19.3,15.35,16,0.68,11.79,106.41,SC,SIS,0
https://www.screener.in/company/HIKAL/consolidated/,388.65,90.92,52.78,7.36,3.8,4792.08,9.87,7.41,4.21,31.16,42.97,11.48,9.91,0.61,90.8,84.1,SC,HIKAL,0
https://www.screener.in/company/GUJALKALI/consolidated/,652.35,60.15,,-8.87,0.84,4790.86,-0.32,-1.11,7,72.5,14.28,4.96,2.91,0.1,-65.12,102.57,SC,GUJALKALI,0
https://www.screener.in/company/KENNAMET/,2178.6,78.56,46.99,46.36,6.14,4788.18,19.5,14.24,6.74,13.74,51.96,17.17,13.07,0,101.9,62.53,SC,KENNAMET,0
https://www.screener.in/company/GOCOLORS/,883.25,64.51,51.02,17.31,6.84,4770.34,14.9,14.37,11.19,14.21,72.86,12.78,12.7,0.73,93.5,67.76,SC,GOCOLORS,0
https://www.screener.in/company/NIITMTS/consolidated/,347.3,66.11,20.07,16.71,3.91,4732.14,27.93,21.56,6.42,8.62,26.78,32.69,,0.08,227.5,61.74,SC,NIITMTS,0
https://www.screener.in/company/CARERATING/consolidated/,1521,18.87,33.17,45.85,5.65,4552.68,24.55,18.02,21.3,36.53,22.3,20.1,14.75,0.03,140,59.66,SC,CARERATING,0
https://www.screener.in/company/CEIGALL/consolidated/,257.6,64.98,15.66,16.88,2.45,4487.52,21.6,21.07,13.45,-3,16.08,27.72,,0.54,286.57,-90.41,SC,CEIGALL,0
https://www.screener.in/company/DCBBANK/,142.41,71.79,7.28,19.58,0.79,4477.69,7.67,11.44,20.67,14.83,8.09,7.04,10.19,12.16,615.33,-8.49,SC,DCBBANK,0
https://www.screener.in/company/BOSCH-HCIL/,1636.2,112.96,83.92,18.97,7.54,4439.24,-7.35,-7.81,122.89,1.6,0.46,0.07,-3.06,,51.57,2587.89,SC,BOSCH-HCIL,0
https://www.screener.in/company/MPSLTD/consolidated/,2578.1,19.43,30.51,87.05,9.22,4410.05,41.42,30.81,33.3,23.14,18.11,33.58,25.04,0.01,148.91,45.16,SC,MPSLTD,0
https://www.screener.in/company/MCLOUD/consolidated/,75.4,89.92,42.91,1.76,8.52,4406.34,22.9,22.23,6.57,-0.03,32.33,21.18,27.73,0.5,102.73,68.22,SC,MCLOUD,0
https://www.screener.in/company/JAYNECOIND/,45.34,84.16,39.07,1.16,1.85,4402.51,12.57,4.86,1.92,-48.33,10.16,14.89,,1.15,112.68,145.8,SC,JAYNECOIND,0
https://www.screener.in/company/INDOSTAR/consolidated/,316.2,92.22,82.07,8.86,1.18,4307.8,7.43,1.53,0.59,-54.76,38.74,5.25,-3.41,1.9,120.52,-128.78,SC,INDOSTAR,0
https://www.screener.in/company/CIGNITITEC/consolidated/,1560.7,26.91,19.33,73.06,4.44,4275.84,34.15,26,10.98,33.59,15.04,33.25,27.11,0.03,200.17,47.13,SC,CIGNITITEC,0
https://www.screener.in/company/RSYSTEMS/consolidated/,360.95,65.95,30.03,12.02,6.84,4272.81,20.81,21.24,4.15,7.98,22.8,27.97,25.18,0.12,142.28,88.69,SC,RSYSTEMS,0
https://www.screener.in/company/512329/consolidated/,379.2,68.38,41.2,9.2,3.53,4261.53,11.33,9.01,118.28,69.75,88.95,11.33,,0.6,103.43,-213.33,SC,512329,0
https://www.screener.in/company/EASEMYTRIP/,12.02,205.74,26.89,0.24,6.04,4256.51,43.36,31.9,57,57.31,41.13,0,36.64,48.95,86.03,47.72,SC,EASEMYTRIP,0
https://www.screener.in/company/LGBBROSLTD/consolidated/,1326.7,18.72,14.86,94.73,2.22,4231.17,19.87,16.06,9.9,6.94,12.41,23.04,18.01,0.08,302.1,61.34,SC,LGBBROSLTD,0
https://www.screener.in/company/WONDERLA/,666.95,65.93,38.7,17.23,2.45,4229.05,8.08,7.75,-5.07,-27.25,29.42,8.05,6.9,0,109.27,71.49,SC,WONDERLA,0
https://www.screener.in/company/DBCORP/consolidated/,236.09,89.69,11.34,20.82,1.89,4206.94,21.01,16.69,-2.62,-11.73,12.18,15.68,12.62,0.13,370.98,66.09,SC,DBCORP,0
https://www.screener.in/company/AARTIDRUGS/consolidated/,454.95,125.73,24.88,18.29,3.06,4182.58,12.93,12.68,-5.6,-2.01,24.18,19.67,18.24,0.45,168.1,80.61,SC,AARTIDRUGS,0
https://www.screener.in/company/543971/consolidated/,376.65,100.18,36.97,10.19,9.26,4136.61,40.43,36.75,96.25,150.07,83.65,26.58,32.54,0.41,115.37,-91.14,SC,543971,0
https://www.screener.in/company/LUXIND/consolidated/,1375.95,237.51,24.16,57.45,2.52,4136.06,10.98,8.22,24.45,25.2,19,0.15,14,4.66,171.63,112.93,SC,LUXIND,0
https://www.screener.in/company/SUVEN/consolidated/,188.73,5.2,,-7.37,37.42,4115.71,-84.41,-84.6,-43.03,-37.29,,-70.03,-61.68,0,-160.75,99.5,SC,SUVEN,0
https://www.screener.in/company/VAIBHAVGBL/consolidated/,240.9,339.06,28.04,8.47,3.09,4006.89,14.05,10.76,38.45,22.42,18.15,0.19,10.89,-2.58,140.1,93.8,SC,VAIBHAVGBL,0
https://www.screener.in/company/ROSSARI/consolidated/,667.7,142.71,27.11,24.63,3.12,3696.64,15.8,12.21,13.64,5.39,43.22,21.06,14.05,0.18,136.38,50.89,SC,ROSSARI,0
https://www.screener.in/company/GREENPANEL/,300.95,107.91,50.81,5.91,2.72,3688.66,12.8,10.69,26.9,17.12,15.48,0.24,21.69,24.96,72.52,50.26,SC,GREENPANEL,0
https://www.screener.in/company/SHANTIGEAR/,474.7,48.21,37.92,12.52,9.04,3641.7,34.77,25.67,12.79,18.66,48.79,27.05,20.97,0,96.03,63.32,SC,SHANTIGEAR,0
https://www.screener.in/company/JASH/consolidated/,558.05,25.25,40.36,13.97,8.09,3502.05,24.97,22.13,42.57,29.95,26.17,22.19,22.1,0.23,86.77,39.85,SC,JASH,0
https://www.screener.in/company/PITTIENG/,901.2,67.82,31.76,28.37,3.84,3393.34,15.99,16.43,26.88,17.51,23.01,17.23,18.65,0.78,106.83,91.73,SC,PITTIENG,0
https://www.screener.in/company/CYIENTDLM/,426.1,107.42,44.06,9.67,3.54,3379.23,12.34,8.23,12.84,25.33,83.38,14.61,12.94,0.2,76.7,-37.19,SC,CYIENTDLM,0
https://www.screener.in/company/RPGLIFE/,2032.9,46.43,28.43,110.79,6.34,3362.22,33.33,26.12,12.26,36.1,22,31.88,24.15,0,183.24,45.18,SC,RPGLIFE,0
https://www.screener.in/company/DIGITIDE/consolidated/,223.15,15.28,27.74,,,3323.91,,,,,,,,0.42,139.23,58.23,SC,DIGITIDE,0
https://www.screener.in/company/TEAMLEASE/consolidated/,1967.5,182.08,33.09,60.4,3.9,3302.31,13.06,13.04,50.68,14.55,12.47,0.15,15.95,1.33,100.72,68.31,SC,TEAMLEASE,0
https://www.screener.in/company/GREENPLY/consolidated/,263.6,56.28,35.92,7.34,4.07,3291.66,12.4,12.07,14.11,60.42,28.11,13.61,13.28,0.64,91.72,99.3,SC,GREENPLY,0
https://www.screener.in/company/HARSHA/consolidated/,356.7,72.09,30.2,9.81,2.59,3247.54,12.27,8.85,1.1,-1.48,33.61,14.15,11.9,0.16,89.31,97.02,SC,HARSHA,0
https://www.screener.in/company/IRBINVIT/consolidated/,55.7,88.51,9.09,6.13,0.85,3233.39,9.48,9.21,4.23,-1.81,11.45,7.99,7.51,0.84,355.58,104.84,SC,IRBINVIT,0
https://www.screener.in/company/SJS/consolidated/,1029.9,30.79,27.39,37.61,4.76,3227,23.1,19.19,21.14,41.56,26.04,22.02,,0.05,118.83,80.22,SC,SJS,0
https://www.screener.in/company/DHANI/consolidated/,52.7,1455.88,,-0.91,1.12,3179.04,1.33,-1.75,-11.96,85.11,11.45,-2.59,-9.15,0.18,-67.65,122.5,SC,DHANI,0
https://www.screener.in/company/KSL/,718.95,77.88,12.4,57.96,1.65,3138.44,15.61,14.07,1.14,2.57,9.04,17.96,15.37,0.23,253.03,90.1,SC,KSL,0
https://www.screener.in/company/FEDFINA/,84,82.86,13.9,6.04,1.23,3130.82,9.82,9.37,29.08,-7.98,16.6,9.38,11.45,4.1,225.18,-81.03,SC,FEDFINA,0
https://www.screener.in/company/506854/,3009.3,31.92,34.05,88.37,9.62,3001.78,41.57,32.5,47.29,75.67,22.33,44.89,32.04,0.13,88.15,24.91,SC,506854,0
https://www.screener.in/company/AVANTEL/,105.97,101.84,46.86,2.26,11.32,2807.8,37.03,28.57,10.97,8.06,25.75,36.9,30.86,0.11,59.92,51.57,SC,AVANTEL,0
https://www.screener.in/company/PAISALO/consolidated/,30.81,223.37,13.93,2.22,1.81,2779.43,13.13,13.93,17.57,11.73,34.84,12.38,11.06,2.32,200.12,-139.98,SC,PAISALO,0
https://www.screener.in/company/NITCO/consolidated/,118.7,203.29,,-32.4,11.01,2714.93,-42.64,,-3.33,-71.41,,-17.78,,1.18,-741.2,692.1,SC,NITCO,0
https://www.screener.in/company/RPEL/consolidated/,588.45,51.16,73.07,8.05,13.95,2701.29,26.42,21.01,50.37,43.52,56.15,25.35,,0.04,36.97,70.29,SC,RPEL,0
https://www.screener.in/company/MANGCHEFER/,224.32,6.99,18.5,12.13,2.5,2658.64,14.93,14.34,-12.21,-9.35,10.99,13.3,15.67,0.7,143.71,75.67,SC,MANGCHEFER,0
https://www.screener.in/company/BOMDYEING/consolidated/,126.81,153.84,66.47,23.73,1.1,2619.07,3.22,1.86,-4.92,113.27,8.14,2.34,,0,490.16,-16.95,SC,BOMDYEING,0
https://www.screener.in/company/538734/consolidated/,1491.9,41.1,41.15,36.26,6.32,2602.04,26.15,19.58,65.28,80.43,19.2,17,15,0.12,63.24,5.66,SC,538734,0
https://www.screener.in/company/MBAPL/,295.2,18,45,6.56,6.41,2586.75,18.01,15.23,29.9,131.4,22.82,22.93,21.81,0.79,57.48,61.4,SC,MBAPL,0
https://www.screener.in/company/BEPL/consolidated/,103.79,70.54,14.35,7.23,2.58,2582.9,25.35,18.7,14.41,0.38,13.37,42.39,27.23,0,180.02,42.99,SC,BEPL,0
https://www.screener.in/company/LAOPALA/,222.95,118.43,26.13,8.52,3.04,2470.78,18.69,15.29,36.24,17.5,13.66,0.01,5.6,11.96,94.55,38.81,SC,LAOPALA,0
https://www.screener.in/company/HATHWAY/consolidated/,13.98,451.65,26.49,0.52,0.57,2467.62,2.29,1.58,25.13,3.92,2.76,0,4.92,-19.96,92.31,-90.75,SC,HATHWAY,0
https://www.screener.in/company/SHALBY/consolidated/,201.7,68.32,69.59,3.13,2.18,2180.17,10.97,8.16,30.87,9.04,6.27,0.46,15.1,19.99,30.15,10.37,SC,SHALBY,0
https://www.screener.in/company/REPCOHOME/,341.15,170.85,4.94,69.14,0.69,2133.64,10.53,14.59,6.73,9.55,13.42,3.71,5.1,10.96,432.57,-49.3,SC,REPCOHOME,0
https://www.screener.in/company/RAJOOENG/consolidated/,103,223.22,38.57,2.91,10.35,1838.47,32.83,26.3,32.56,98.5,52.08,0.68,18.01,0,47.66,135.67,SC,RAJOOENG,0
https://www.screener.in/company/DEN/consolidated/,34.13,650.07,7.65,4.55,0.46,1626.38,7.3,6.42,11.5,3.63,3.86,0.01,-2.17,33.19,213.92,23.32,SC,DEN,0
https://www.screener.in/company/SATIN/consolidated/,146.95,356.85,5.57,26.47,0.63,1622.73,16.63,21.65,5.59,10.88,7.61,3.3,9.14,16.74,292.45,-137.29,SC,SATIN,0
https://www.screener.in/company/ATULAUTO/consolidated/,472.05,78.88,75.47,7.14,3.05,1307.67,4.19,1.67,109.41,4.38,1.85,0.29,-4.59,-34.91,17.33,-1.92,SC,ATULAUTO,0
https://www.screener.in/company/SURYODAY/,118.95,149.14,6.01,19.73,0.71,1260.62,8.49,12.74,10.44,6.82,4.56,5.66,24.55,19.02,209.59,96.83,SC,SURYODAY,0
https://www.screener.in/company/BLUSPRING/consolidated/,79.78,11.56,55.1,,,1188.34,,,,,,,,0.22,-155.88,-101.47,SC,BLUSPRING,0
https://www.screener.in/company/5PAISA/,367.9,106.33,18.76,19.61,2,1148.55,12.89,10.29,39.09,9.46,8.32,0.29,45.42,36.5,61.22,-85.27,SC,5PAISA,0
https://www.screener.in/company/VALIANTORG/consolidated/,275.15,623.61,,-10.2,1.06,761.26,1.07,-0.91,20.45,21.02,16.03,0.28,0.88,,-27.82,184.05,SC,VALIANTORG,0
https://www.screener.in/company/ASIANTILES/consolidated/,46.25,744.91,382.7,0.49,0.53,677.37,1.23,-0.91,24.18,5.57,1.8,0.17,5.22,,-1.35,-125.63,SC,ASIANTILES,0
https://www.screener.in/company/COFFEEDAY/consolidated/,21.38,1653.51,11.85,-15.51,0.16,449.64,1.4,3.36,7.1,-1.36,-4.97,0.49,-22.44,13.55,-325.45,94.69,SC,COFFEEDAY,0
